mastercode,type,name,notice,furigana
1,燃やせるごみ,足ふきマット,,あ
1,燃やせるごみ,油（食用油）,できるだけ地域の廃油回収に出す,あ
1,燃やせるごみ,油紙,,あ
1,燃やせるごみ,油の容器（プラスチック製）,,あ
1,燃やせるごみ,アルバム,金属部分はできるだけ外して燃やせないごみに出す,あ
1,燃やせるごみ,ウインドブレーカー,,う
1,燃やせるごみ,植木鉢(プラスチック製）,,う
1,燃やせるごみ,ＭＤ,,え
1,燃やせるごみ,おぼん(木、プラスチック製）,,お
1,燃やせるごみ,おもちゃ（プラスチック製）,金属部分は燃やせないごみに出す、電池は外して有害ごみに出す,お
1,燃やせるごみ,おわん,,お
1,燃やせるごみ,カーテン（レース製）,,お
1,燃やせるごみ,カーボン紙,ノンカーボン紙は古紙・布類に出す,か
1,燃やせるごみ,貝殻,,か
1,燃やせるごみ,カイロ（使い捨てのもの）,,か
1,燃やせるごみ,額縁(木・プラスチック製),ステンレス製は燃やせないごみに出す、指定袋に入らないものは粗大ごみに出す,か
1,燃やせるごみ,カセットテープ,,か
1,燃やせるごみ,蚊取りマット,,か
1,燃やせるごみ,紙おむつ,汚物はトイレに流してから出す,か
1,燃やせるごみ,紙ねんど,,か
1,燃やせるごみ,紙やすり,,か
1,燃やせるごみ,革製品,,か
1,燃やせるごみ,乾燥剤,,か
1,燃やせるごみ,感熱紙,,か
1,燃やせるごみ,クーラーボックス,指定袋に入らないものは粗大ごみに出す,く
1,燃やせるごみ,草,,く
1,燃やせるごみ,口紅,金属製は燃やせないごみに出す,く
1,燃やせるごみ,靴,,く
1,燃やせるごみ,靴下,,く
1,燃やせるごみ,クッション,指定袋に入らないものは粗大ごみに出す,く
1,燃やせるごみ,毛糸,,け
1,燃やせるごみ,ＣＤ、DVD,,し
1,燃やせるごみ,磁気カード,,し
1,燃やせるごみ,自転車のチューブ,,し
1,燃やせるごみ,写真,,し
1,燃やせるごみ,食用油の容器(プラスチック製）,,し
1,燃やせるごみ,除湿剤,中の水を抜く,し
1,燃やせるごみ,食器（プラスチック製・木製）,ガラス・陶器製は燃やせないごみに出す,し
1,燃やせるごみ,スキーウェアー、スキー靴,,す
1,燃やせるごみ,ストッキング,,す
1,燃やせるごみ,スパイクシューズ,,す
1,燃やせるごみ,洗濯ばさみ,,せ
1,燃やせるごみ,剪定枝,指定袋に入らない場合は上津クリーンセンター内の剪定枝リサイクル施設へ,せ
1,燃やせるごみ,洗面器,金属製の物は小金属・小型家電の容器に出す,せ
1,燃やせるごみ,造花（プラスチック製）,,そ
1,燃やせるごみ,ぞうきん,,そ
1,燃やせるごみ,タイヤチェーン（ゴム製）,,た
1,燃やせるごみ,竹串,先を紙などに包んで出す,た
1,燃やせるごみ,脱臭剤,,た
1,燃やせるごみ,積み木,,つ
1,燃やせるごみ,テレビゲーム（ソフト）,,て
1,燃やせるごみ,テレホンカード,,て
1,燃やせるごみ,電気カーペット,指定袋に入らないものは粗大ごみに出す,て
1,燃やせるごみ,電気毛布,指定袋に入らないものは粗大ごみに出す,て
1,燃やせるごみ,トイレブラシ（プラスチック製）,,と
1,燃やせるごみ,長靴,,な
1,燃やせるごみ,納豆の容器,,な
1,燃やせるごみ,入浴剤の容器(紙),プラスチック製のものは、容器包装プラスチックとして出す,に
1,燃やせるごみ,ぬいぐるみ,,ぬ
1,燃やせるごみ,布くず,,ぬ
1,燃やせるごみ,灰,,は
1,燃やせるごみ,バインダー（文房具）,,は
1,燃やせるごみ,バケツ（プラスチック製）,金属製の物は小金属・小型家電の容器に出す,は
1,燃やせるごみ,バッグ,,は
1,燃やせるごみ,花火,水で湿らして出す,は
1,燃やせるごみ,ハンガー（プラスチック製・木製）,金属製は資源物の小金属・小型家電の容器に出す,は
1,燃やせるごみ,ビデオテープ,,ひ
1,燃やせるごみ,プランター,指定袋に入らないものは粗大ごみに出す,ふ
1,燃やせるごみ,フロッピーディスク,,ふ
1,燃やせるごみ,ベルト,,へ
1,燃やせるごみ,ヘルメット,,へ
1,燃やせるごみ,ホイールキャップ,プラスチック製のもの,ほ
1,燃やせるごみ,帽子,,ほ
1,燃やせるごみ,防虫剤,,ほ
1,燃やせるごみ,ホース,,ほ
1,燃やせるごみ,ボール（スポーツ用）,,ほ
1,燃やせるごみ,ボールペン（プラスチック製）,,ほ
1,燃やせるごみ,ポリタンク,指定袋に入らないものは粗大ごみに出す,ほ
1,燃やせるごみ,ポリ袋,,ほ
1,燃やせるごみ,保冷剤,,ほ
1,燃やせるごみ,まな板,,ま
1,燃やせるごみ,水枕,,み
1,燃やせるごみ,湯たんぽ（プラスチック製）,金属製の物は小金属・小型家電の容器に出す,ゆ
1,燃やせるごみ,浴室マット,指定袋に入らないものは粗大ごみに出す,よ
1,燃やせるごみ,ライター（プラスチック製）,使い切ってから出す,ら
1,燃やせるごみ,ランドセル,,ら
1,燃やせるごみ,レコード盤,,れ
1,燃やせるごみ,レジャーシート,,れ
1,燃やせるごみ,ローソク,,ろ
1,燃やせるごみ,ロープ,,ろ
1,燃やせるごみ,ローラースケート（プラスチック製）,金属製の物は小金属・小型家電の容器に出す,ろ
1,燃やせないごみ,空ビン（飲食用以外）,,あ
1,燃やせないごみ,アルミはく,,あ
1,燃やせないごみ,安全ピン,,あ
1,燃やせないごみ,板ガラス,新聞紙などに包んで出す,い
1,燃やせないごみ,植木鉢(素焼き）,,う
1,燃やせないごみ,鉛筆けずり,,え
1,燃やせないごみ,音楽プレーヤー,携帯用のものは小金属・小型家電の容器、もしくは小型家電回収BOXでの回収も可能,お
1,燃やせないごみ,傘,,か
1,燃やせないごみ,加湿器,指定袋に入らないものは粗大ごみに出す,か
1,燃やせないごみ,カセットデッキ,指定袋に入らないものは粗大ごみに出す,か
1,燃やせないごみ,カッターの刃,紙などに包んで出す,か
1,燃やせないごみ,かなづち,,か
1,燃やせないごみ,花瓶,,か
1,燃やせないごみ,かみそり,先を紙などに包んで出す,か
1,燃やせないごみ,ガラス製品(コップ、食器等),割れたものは紙などに包んで出す,か
1,燃やせないごみ,換気扇,指定袋に入らないものは粗大ごみに出す,か
1,燃やせないごみ,キャップ(金属製）,大きさが５ｃｍ以上の物は小金属・小型家電の容器に出す,き
1,燃やせないごみ,急須（陶磁器製）,,き
1,燃やせないごみ,金魚鉢（ガラス製）,プラスチック製は燃やせるごみに出す、指定袋に入らないものは粗大ごみに出す,き
1,燃やせないごみ,空気清浄機,指定袋に入らないものは粗大ごみに出す,く
1,燃やせないごみ,釘,,く
1,燃やせないごみ,草刈り鎌,先を紙などに包んで出す,く
1,燃やせないごみ,グラス,割れた物は紙などに包んで出す,く
1,燃やせないごみ,クリスタルガラス製ビン,,く
1,燃やせないごみ,クリップ,,く
1,燃やせないごみ,化粧品の容器（ガラス製）,,け
1,燃やせないごみ,香水のビン,,こ
1,燃やせないごみ,コップ（ガラス製）,金属製は小金属・小型家電の容器に出す、プラスチック製は燃やせるごみに出す,こ
1,燃やせないごみ,皿（陶磁器、ガラス製）,,さ
1,燃やせないごみ,ジョッキ（ガラス製）,金属製の物は小金属・小型家電の容器に出す,し
1,燃やせないごみ,水槽（ガラス製）,指定袋に入らないものは粗大ごみに出す,す
1,燃やせないごみ,炊飯ジャー,中の釜は小金属・小型家電の容器に出す,す
1,燃やせないごみ,スピーカー,指定袋に入らないものは粗大ごみに出す,す
1,燃やせないごみ,双眼鏡,,そ
1,燃やせないごみ,掃除機,ホースなどは燃やせるごみに出す,そ
1,燃やせないごみ,体温計（デジタル式）,,た
1,燃やせないごみ,耐熱ガラス製ビン,,た
1,燃やせないごみ,体重計,,た
1,燃やせないごみ,茶わん,割れた物は紙などに包んで出す,ち
1,燃やせないごみ,電気ストーブ,指定袋に入らないものは粗大ごみに出す,て
1,燃やせないごみ,電球,,て
1,燃やせないごみ,電話機（ＦＡＸ機能付き）,,て
1,燃やせないごみ,陶磁器（皿、湯呑み、コップ等）,,と
1,燃やせないごみ,時計,電池は外す、小金属・小型家電の容器もしくは小型家電回収BOXでの回収も可能,と
1,燃やせないごみ,土鍋,,と
1,燃やせないごみ,ドライバー,,と
1,燃やせないごみ,ナイフ,先を紙などに包んで出す,な
1,燃やせないごみ,粘土,,ね
1,燃やせないごみ,ノコギリ,先を紙などに包んで出す,の
1,燃やせないごみ,灰皿（ガラス・陶器製）,金属製は小金属・小型家電の容器に出す,は
1,燃やせないごみ,はさみ,先を紙などに包んで出す,は
1,燃やせないごみ,刃物,先を紙などに包んで出す,は
1,燃やせないごみ,針,紙などに包んで出す,は
1,燃やせないごみ,ビデオデッキ,指定袋に入らないものは粗大ごみに出す,ひ
1,燃やせないごみ,プリンター,指定袋に入らないものは粗大ごみに出す,ふ
1,燃やせないごみ,ヘアーピン,,へ
1,燃やせないごみ,ペットの砂,,へ
1,燃やせないごみ,包丁,先を紙などに包んで出す,ほ
1,燃やせないごみ,ホッチキスの芯,,ほ
1,燃やせないごみ,ポット,,ほ
1,燃やせないごみ,ほ乳ビン,,ほ
1,燃やせないごみ,マグネット,,ま
1,燃やせないごみ,豆電球,,ま
1,燃やせないごみ,ミキサー,,み
1,燃やせないごみ,ミシン,指定袋に入らないものは粗大ごみに出す,み
1,燃やせないごみ,ミニコンポ,指定袋に入らないものは粗大ごみに出す,み
1,燃やせないごみ,メガネ,,め
1,燃やせないごみ,ラジオ,携帯用以外のもの,ら
1,燃やせないごみ,ラジカセ,,ら
1,燃やせないごみ,リール（釣具）,,り
1,燃やせないごみ,離乳食用のビン,,り
1,燃やせないごみ,レンジカバー(ガスレンジ用),,れ
1,燃やせないごみ,ワープロ,,わ
1,資源物,アイロン,小金属・小型家電の容器に出す,あ
1,資源物,空カン（飲食用）,空カンの容器に出す,あ
1,資源物,空カン（飲食用以外）,小金属・小型家電の容器に出す,あ
1,資源物,空ビン（飲食用）,空ビンの容器に出す,あ
1,資源物,アダプター,小金属・小型家電の容器もしくは小型家電回収ＢＯＸでの回収も可能,あ
1,資源物,油の容器（金属製）,空カンの容器に出す、汚れはできるだけ紙などにしみこませてから出す,あ
1,資源物,泡立て器,小金属・小型家電の容器に出す,あ
1,資源物,一斗缶,小金属・小型家電の容器に出す,い
1,資源物,鋳物鍋（鉄・銅製の鍋）,小金属・小型家電の容器に出す,い
1,資源物,延長コード(室内用）,小金属・小型家電の容器もしくは小型家電回収ＢＯＸでの回収も可能,え
1,資源物,オーブントースター,小金属・小型家電の容器に出す,お
1,資源物,おぼん(金属製）,小金属・小型家電の容器に出す,お
1,資源物,携帯電話,小金属・小型家電の容器もしくは小型家電回収ＢＯＸも可能　※個人情報は消去する　,け
1,資源物,おろし金(金属製）,小金属・小型家電の容器に出す、プラスチック製は燃やせるごみに出す,お
1,資源物,カーナビ,小金属・小型家電の容器もしくは小型家電回収BOXでの回収も可能,か
1,資源物,傘（骨のみ）,小金属・小型家電の容器に出す、骨以外の生地は燃やせるごみに出す,か
1,資源物,菓子箱（金属製）,空カンの容器に出す,か
1,資源物,カセットガスボンベ,穴をあけて小金属・小型家電の容器に出す,か
1,資源物,カセットコンロ,小金属・小型家電の容器に出す,か
1,資源物,カップラーメンの容器（プラスチック製）,容器包装プラスチックとして透明・半透明の袋に入れて出す、汚れた物は燃やせるごみに出す,か
1,資源物,カメラ,小金属・小型家電の容器もしくは小型家電回収ＢＯＸでの回収も可能,か
1,資源物,キャップ(プラスチック製）,容器包装プラスチックとして出す,き
1,資源物,急須（金属製）,小金属・小型家電の容器に出す,き
1,資源物,携帯用テレビ,小金属・小型家電の容器もしくは小型家電回収BOXでの回収も可能,け
1,資源物,携帯用ラジオ,小金属・小型家電の容器もしくは小型家電回収BOXでの回収も可能,け
1,資源物,小型ゲーム機,小金属・小型家電の容器もしくは小型家電回収BOXでの回収を可能,こ
1,資源物,粉ミルクのカン,空カンの容器に出す,こ
1,資源物,ざる（金属製）,小金属・小型家電の容器に出す,さ
1,資源物,自転車の空気入れ（金属製）,小金属・小型家電の容器に出す、プラスチック製は燃やせるごみに出す,し
1,資源物,シャンプー容器,容器包装プラスチックとして出す,し
1,資源物,食器（金属製）,小金属・小型家電の容器に出す,し
1,資源物,食品トレイ,色柄トレイも含めて、容器包装プラスチックとして出す,し
1,資源物,水筒（ステンレス製）,小金属・小型家電の容器に出す、プラスチック製は燃やせるごみに出す,す
1,資源物,スプーン（金属製）,小金属・小型家電の容器に出す,す
1,資源物,スプレー缶,穴をあけて小金属・小型家電の容器に出す,す
1,資源物,スマートフォン,小金属・小型家電の容器もしくは小型家電回収BOXでの回収も可能　※個人情報は消去する,せ
1,資源物,タイヤチェーン（金属製）,小金属・小型家電の容器に出す,た
1,資源物,卵のパック（プラスチック製）,容器包装プラスチックとして透明・半透明の袋に入れて出す、汚れた物は燃やせるごみに出す,た
1,資源物,調味料のプラスチック容器,容器包装プラスチックとして透明・半透明の袋に入れて出す、汚れた物は燃やせるごみに出す,ち
1,資源物,手提げ金庫,小金属・小型家電の容器に出す,て
1,資源物,デジタルカメラ,小金属・小型家電の容器もしくは小型家電回収ＢＯＸでの回収も可能,て
1,資源物,デジタルビデオ,小金属・小型家電の容器もしくは小型家電回収ＢＯＸでの回収も可能,て
1,資源物,テレビゲーム（本体）,小金属・小型家電の容器もしくは小型家電回収ＢＯＸでの回収も可能,て
1,資源物,電気カミソリ,小金属・小型家電の容器もしくは小型家電回収BOXでの回収も可能,て
1,資源物,電気コード,小金属・小型家電の容器もしくは小型家電回収BOXでの回収も可能,て
1,資源物,電子辞書,小金属・小型家電の容器もしくは小型家電回収ＢＯＸでの回収も可能,て
1,資源物,電卓,小金属・小型家電の容器もしくは小型家電回収ＢＯＸでの回収も可能,て
1,資源物,電動歯ブラシ,小金属・小型家電の容器もしくは小型家電回収ＢＯＸでの回収も可能,て
1,資源物,電話機,小金属・小型家電の容器もしくは小型家電回収ＢＯＸでの回収も可能,て
1,資源物,トースター,小金属・小型家電の容器に出す,と
1,資源物,鳥かご（金属製）,小金属・小型家電の容器に出す,と
1,資源物,ドライヤー,小金属・小型家電の容器もしくは小型家電回収BOXでの回収も可能,と
1,資源物,鍋（金属）,小金属・小型家電の容器に出す,な
1,資源物,鉛（釣具）,透明な袋に入れて、小金属・小型家電の容器に出す,な
1,資源物,ニッパー,小金属・小型家電の容器に出す,に
1,資源物,入浴剤の容器（金属製）,小金属・小型家電の容器に出す,に
1,資源物,入浴剤の容器（プラスチック製）,容器包装プラスチックとして透明・半透明の袋に入れて出す、汚れた物は燃やせるごみに出す,に
1,資源物,HDD,小金属・小型家電の容器もしくは小型家電回収BOXでの回収も可能,は
1,資源物,ハーモニカ,小金属・小型家電の容器に出す,は
1,資源物,発泡スチロール,容器包装プラスチックとして出す,は
1,資源物,ビデオカメラ,小金属・小型家電の容器もしくは小型家電回収ＢＯＸでの回収も可能,ひ
1,資源物,ビールびん,できる限り購入店に返す(預かり保証金がついています),ひ
1,資源物,針金,ひもで束ねて小金属・小型家電の容器に出す,は
1,資源物,フォーク（金属製）,小金属・小型家電の容器に出す、プラスチック製は燃やせるごみに出す,ふ
1,資源物,フライパン,小金属・小型家電の容器に出す,ふ
1,資源物,文鎮,小金属・小型家電の容器に出す,ふ
1,資源物,ペットフードの空カン,空カンの容器に出す、ふたも一緒に出す,へ
1,資源物,ペットボトル,キャップとラベルを外し軽くすすいで回収容器に出す、キャップとラベルは容器包装プラスチックに出す,へ
1,資源物,ペンチ,小金属・小型家電の容器に出す,へ
1,資源物,ボール（調理用・金属製）,プラスチック製は燃やせるごみに出す,ほ
1,資源物,ホーロー製の鍋,小金属・小型家電の容器に出す,ほ
1,資源物,ホットプレート,小金属・小型家電の容器に出す,ほ
1,資源物,やかん,小金属・小型家電の容器に出す,や
1,資源物,レジ袋,できるだけマイバッグを使用してごみ減量、プラマークがないものは燃やせるごみに出す,れ
1,資源物,ラジオ,携帯用は小金属・小型家電の容器もしくは小型家電回収BOXでの回収も可能,ら
1,資源物,リモコン,小金属・小型家電の容器もしくは小型家電回収BOXでの回収も可能,り
1,有害ごみ,鏡,透明の袋に入れて出す,か
1,有害ごみ,蛍光管,透明の袋に入れて出す,け
1,有害ごみ,コンパクト（鏡付き）,透明の袋に入れて出す,こ
1,有害ごみ,電池（乾電池）,透明の袋に入れて出す,て
1,有害ごみ,電池（ボタン型）,透明の袋に入れて出す,て
1,粗大ごみ,アイロン台,指定袋に入るものは燃やせないごみに出す,あ
1,粗大ごみ,網戸,,あ
1,粗大ごみ,衣装ケース(プラスチック製),指定袋に入るものは燃やせるごみに出す,い
1,粗大ごみ,イス,,い
1,粗大ごみ,一輪車（遊具用）,,い
1,粗大ごみ,一輪車（運搬用）,,い
1,粗大ごみ,乳母車,,う
1,粗大ごみ,羽毛布団,,う
1,粗大ごみ,エレクトーン,,え
1,粗大ごみ,オーブンレンジ,,お
1,粗大ごみ,オルガン,,お
1,粗大ごみ,カーペット,,か
1,粗大ごみ,額縁(木・プラスチック製),,か
1,粗大ごみ,ガスレンジ,,か
1,粗大ごみ,乾燥機（食器用）,衣類乾燥機は購入店、買い替え店もしくは家電リサイクル協力店へ,か
1,粗大ごみ,キーボード（音楽用）,,き
1,粗大ごみ,ギター,,き
1,粗大ごみ,キッチンワゴン,,き
1,粗大ごみ,キャリーバック,,き
1,粗大ごみ,空気清浄機,,く
1,粗大ごみ,ござ,,こ
1,粗大ごみ,こたつ、こたつ布団,,こ
1,粗大ごみ,ゴルフクラブ,,こ
1,粗大ごみ,ゴルフバッグ,,こ
1,粗大ごみ,座椅子,,さ
1,粗大ごみ,座布団,ひもで十文字にしばる,さ
1,粗大ごみ,三輪車,,さ
1,粗大ごみ,自転車（補助輪付き）,※第三者へ譲渡する場合は交番・警察署（防犯協会）にて防犯登録を取消してください,し
1,粗大ごみ,自転車,※第三者へ譲渡する場合は交番・警察署（防犯協会）にて防犯登録を取消してください,し
1,粗大ごみ,自転車のリム,,し
1,粗大ごみ,じゅうたん,,し
1,粗大ごみ,水槽,,す
1,粗大ごみ,スーツケース,,す
1,粗大ごみ,スキー板,,す
1,粗大ごみ,すだれ（竹製等）,,す
1,粗大ごみ,ステレオ,,す
1,粗大ごみ,ストーブ,,す
1,粗大ごみ,すのこ,,す
1,粗大ごみ,スノーボード,,す
1,粗大ごみ,石油ストーブ,灯油を抜き取り乾電池を外す,せ
1,粗大ごみ,扇風機,,せ
1,粗大ごみ,洗面台,,せ
1,粗大ごみ,ソファー（スプリング入り）,,そ
1,粗大ごみ,タイヤ,,た
1,粗大ごみ,タイヤホイール,,た
1,粗大ごみ,たたみ,,た
1,粗大ごみ,たんす,,た
1,粗大ごみ,チャイルドシート,,ち
1,粗大ごみ,机（木製）,,つ
1,粗大ごみ,テーブル（木製）,,て
1,粗大ごみ,電気カーペット,ひもで十文字にしばる、指定袋に入る物は燃やせるごみに出す,て
1,粗大ごみ,電気毛布,ひもで十文字にしばる、指定袋に入る物は燃やせるごみに出す,て
1,粗大ごみ,電子レンジ,,て
1,粗大ごみ,籐製品,指定袋に入る物は燃やせるごみに出す,と
1,粗大ごみ,トタン,,と
1,粗大ごみ,マッサージ椅子,,ま
1,粗大ごみ,ミシン,,み
1,粗大ごみ,モップ,,も
1,粗大ごみ,物干し竿,,も
1,粗大ごみ,物干し台,,も
1,粗大ごみ,バイク（50ccまで）,,は
1,粗大ごみ,バット,,は
1,粗大ごみ,バッテリー,できるだけ専門の業者へ依頼する,は
1,粗大ごみ,ハロゲンヒーター,,は
1,粗大ごみ,ファンヒーター,灯油を抜き取り乾電池を外す,ふ
1,粗大ごみ,ふすま,,ふ
1,粗大ごみ,布団,ひもで十文字にしばる,ふ
1,粗大ごみ,ベッド,,へ
1,粗大ごみ,ベッドマット（スプリング入り）,,へ
1,粗大ごみ,ベビーカー,,へ
1,粗大ごみ,ほうき,指定袋に入るものは燃やせるごみに出す,ほ
1,粗大ごみ,歩行器（幼児用）,,ほ
1,粗大ごみ,ホットカーペット,ひもで十文字にしばる,ほ
1,粗大ごみ,浴槽ふた,,よ
1,粗大ごみ,浴槽マット,,よ
1,粗大ごみ,よしず,,よ
1,収集しないごみ,油（食用油以外）,専門の業者へ依頼する,あ
1,収集しないごみ,一升ビン,購入店に返す、油や醤油のビンは空ビンの容器に出す,い
1,収集しないごみ,エアコン,購入店か買い替え店へ、ない場合は家電リサイクル協力店へ,え
1,収集しないごみ,ＬＰガスボンベ類,専門の業者へ依頼する,え
1,収集しないごみ,ガスボンベ,専門の業者へ依頼する,か
1,収集しないごみ,金庫,専門の業者に依頼する,き
1,収集しないごみ,消火器,専門の業者へ依頼する,し
1,収集しないごみ,洗濯機,購入店か買い替え店へ、ない場合は家電リサイクル協力店へ,せ
1,収集しないごみ,注射器・注射針,専門の業者へ依頼する,ち
1,収集しないごみ,テレビ,購入店か買い替え店へ、ない場合は家電リサイクル協力店へ,て
1,収集しないごみ,灯油,専門の業者へ依頼する,と
1,収集しないごみ,塗料,専門の業者へ依頼する,と
1,収集しないごみ,ノート型パソコン,製造メーカーに連絡する,の
1,収集しないごみ,バイク（51cc以上）,専門の業者へ依頼する,は
1,収集しないごみ,パソコン,製造メーカーに連絡する,は
1,収集しないごみ,バッテリー,専門の業者へ依頼する,は
1,収集しないごみ,ピアノ,専門の業者へ依頼する,ひ
1,収集しないごみ,冷蔵庫,購入店か買い替え店へ、ない場合は家電リサイクル協力店へ,れ
1,収集しないごみ,冷凍庫,購入店か買い替え店へ、ない場合は家電リサイクル協力店へ,れ
1,小型家電回収BOX,アダプター,小金属・小型家電の容器も可能,あ
1,小型家電回収BOX,延長コード(室内用）,小金属・小型家電の容器も可能,え
1,小型家電回収BOX,音楽プレーヤー,携帯用のものに限る、小金属・小型家電の容器も可能,お
1,小型家電回収BOX,カメラ,小金属・小型家電の容器も可能,か
1,小型家電回収BOX,携帯電話,小金属・小型家電の容器も可能　※個人情報は消去する,け
1,小型家電回収BOX,携帯用テレビ,小金属・小型家電の容器も可能,け
1,小型家電回収BOX,携帯用ラジオ,小金属・小型家電の容器も可能,け
1,小型家電回収BOX,小型ゲーム機,小金属・小型家電の容器も可能,こ
1,小型家電回収BOX,スマートフォン,小金属・小型家電の容器も可能　※個人情報は消去する,す
1,小型家電回収BOX,体温計（デジタル式）,電池は外す、小金属・小型家電の容器も可能,た
1,小型家電回収BOX,デジタルカメラ,小金属・小型家電の容器も可能,て
1,小型家電回収BOX,デジタルビデオ,小金属・小型家電の容器も可能,て
1,小型家電回収BOX,テレビゲーム（本体）,小金属・小型家電の容器も可能,て
1,小型家電回収BOX,電気カミソリ,小金属・小型家電の容器も可能,て
1,小型家電回収BOX,電気コード,小金属・小型家電の容器も可能,て
1,小型家電回収BOX,電子辞書,小金属・小型家電の容器も可能,て
1,小型家電回収BOX,電卓,小金属・小型家電の容器も可能,て
1,小型家電回収BOX,電動歯ブラシ,小金属・小型家電の容器も可能,て
1,小型家電回収BOX,電話機,小金属・小型家電の容器も可能,て
1,小型家電回収BOX,時計,電池は外す,と
1,小型家電回収BOX,ドライヤー,小金属・小型家電の容器も可能,と
1,小型家電回収BOX,ビデオカメラ,小金属・小型家電の容器も可能,ひ
1,小型家電回収BOX,リモコン,小金属・小型家電の容器も可能,り
1,小型家電回収BOX,ラジオ,小金属・小型家電の容器も可能,ら
2,燃やせるごみ,油（食用油）,,あ
2,燃やせるごみ,油紙,,あ
2,燃やせるごみ,アルバム,金具の付いた物は粗大ごみに出す,あ
2,燃やせるごみ,鉛筆,,え
2,燃やせるごみ,カーボン紙,,か
2,燃やせるごみ,貝殻,,か
2,燃やせるごみ,カイロ（使い捨てのもの）,使用済のものに限る,か
2,燃やせるごみ,カップラーメンの容器,プラマークがあり、汚れていないものは容器包装プラスチックに出す,か
2,燃やせるごみ,蚊取りマット,,か
2,燃やせるごみ,紙おむつ,汚物はトイレに流してから出す,か
2,燃やせるごみ,紙ねんど,,か
2,燃やせるごみ,革製品,金具の付いた物はその他の資源物に出す,か
2,燃やせるごみ,乾燥剤,,か
2,燃やせるごみ,感熱紙,,か
2,燃やせるごみ,靴,,く
2,燃やせるごみ,靴下,,く
2,燃やせるごみ,毛糸,５０cm以下に切断する,け
2,燃やせるごみ,磁気カード,,し
2,燃やせるごみ,写真,,し
2,燃やせるごみ,除湿剤,中の水を抜く,し
2,燃やせるごみ,食器（木製）,,し
2,燃やせるごみ,ストッキング,５０cm以下に切断する,す
2,燃やせるごみ,ぞうきん,,そ
2,燃やせるごみ,竹串,,た
2,燃やせるごみ,脱臭剤,,た
2,燃やせるごみ,積み木,プラスチック製のものは分別収集（その他のプラスチック）に出す,つ
2,燃やせるごみ,テレホンカード,,て
2,燃やせるごみ,トイレブラシ(プラスチック製),,と
2,燃やせるごみ,長靴,,な
2,燃やせるごみ,納豆の容器,,な
2,燃やせるごみ,ぬいぐるみ,,ぬ
2,燃やせるごみ,布くず,５０cm以下に切断する,ぬ
2,燃やせるごみ,ネクタイ,５０cm以下に切断する,ね
2,燃やせるごみ,粘土,,ね
2,燃やせるごみ,農薬の容器（プラスチック製）,家庭菜園程度に限る,の
2,燃やせるごみ,バッグ,金具が付いているものは分別収集（その他の資源物）に出す,は
2,燃やせるごみ,花火,使い切って、水で湿らして出す,は
2,燃やせるごみ,ひも類,５０cm以下に切断する,ひ
2,燃やせるごみ,肥料袋,家庭菜園程度に限る,ひ
2,燃やせるごみ,帽子,,ほ
2,燃やせるごみ,防虫剤,,ほ
2,燃やせるごみ,ポリ袋,,ほ
2,燃やせるごみ,保冷剤,,ほ
2,燃やせるごみ,マッチ,使い切って、水で湿らせて出す,ま
2,燃やせるごみ,水枕,,み
2,燃やせるごみ,浴室マット,１ｍ以下に切断して出す,よ
2,燃やせるごみ,レインコート,５０cm以下に切断する,れ
2,燃やせるごみ,レジ袋,できるだけマイバッグを使用してごみ減量,れ
2,燃やせるごみ,ローソク,,ろ
2,資源物,アイロン,分別収集（その他の資源物）に出す,あ
2,資源物,空カン（アルミ缶）,分別収集（空カン）に出す,あ
2,資源物,空カン（スチール缶）,分別収集（空カン）に出す,あ
2,資源物,空ビン,分別収集（色ごとに分別）に出す,あ
2,資源物,アダプター,分別収集（小型家電）に出す,あ
2,資源物,アルミはく,分別収集（その他の金属類）に出す,あ
2,資源物,泡立て器,分別収集（その他の資源物）に出す,あ
2,資源物,安全ピン,分別収集（危険ごみ）に出す,あ
2,資源物,板ガラス,分別収集（その他のビン・ガラス類）に出す,い
2,資源物,一升ビン（油以外）,分別収集（生きビン）に出す,い
2,資源物,一升ビン（油ビン）,分別収集（色ごとに分別）に出す,い
2,資源物,一斗缶,分別収集（その他の金属類）に出す。ただし、中身は空にする,い
2,資源物,植木鉢(素焼き）,分別収集（陶磁器類）に出す,う
2,資源物,植木鉢(プラスチック製）,分別収集（その他のプラスチック）に出す、大きい物は粗大ごみへ出す,う
2,資源物,腕時計,分別収集（危険ごみ）に出す,う
2,資源物,ＭＤ,分別収集（その他のプラスチック）に出す,え
2,資源物,延長コード(室内用）,分別収集（その他の資源物）に出す,え
2,資源物,鉛筆けずり,分別収集（その他の資源物）に出す,え
2,資源物,オーブントースター,分別収集（その他の資源物）に出す、指定袋に入らない大きさのものは粗大ごみに出す,お
2,資源物,おぼん(金属製）,分別収集（その他の金属類）に出す、指定袋に入らない大きさのものは粗大ごみに出す,お
2,資源物,おぼん(プラスチック製）,分別収集（その他のプラスチック）に出す、大きい物は粗大ごみへ出す,お
2,資源物,おもちゃ（金属製）,その他の資源物に出す、電池は外して分別収集（乾電池類）に出す,お
2,資源物,おもちゃ（プラスチック製）,分別収集（その他のプラスチック）に出す、電池は外して分別収集（乾電池類）に出す,お
2,資源物,おろし金(金属製）,分別収集（危険ごみ）に出す,お
2,資源物,おわん,種類ごとに分別収集に出す,お
2,資源物,音楽プレーヤー,小型家電回収ＢＯＸでの回収も可能,お
2,資源物,懐中電灯,種類ごとに分別収集に出す,か
2,資源物,傘,傘布を外して分別収集（その他の金属）に出す。ただし、傘布が外せない場合はその他の資源物に出す,か
2,資源物,鏡,分別収集（有害ごみ）に出す,か
2,資源物,加湿器,分別収集（その他の資源物）に出す、指定袋に入らない大きさのものは粗大ごみに出す,か
2,資源物,菓子箱（金属製）,分別収集（その他の金属類）に出す,か
2,資源物,カセットガスボンベ,穴をあけて分別収集（その他の金属類）に出す,か
2,資源物,カセットコンロ,分別収集（その他の金属類）に出す、指定袋に入らない大きさのものは粗大ごみに出す,か
2,資源物,カセットテープ,分別収集（その他のプラスチック）に出す,か
2,資源物,カセットデッキ,分別収集（その他の資源物）に出す、指定袋に入らない大きさのものは粗大ごみに出す,か
2,資源物,カタログ,雑誌類として出す,か
2,資源物,カッターの刃,分別収集（危険ごみ）に出す,か
2,資源物,かなづち,分別収集（その他の金属類）に出す,か
2,資源物,かばん類,分別収集（その他の資源物）に出す,か
2,資源物,花瓶,種類ごとに分別収集に出す,か
2,資源物,かみそり,分別収集（危険ごみ）に出す,か
2,資源物,ガラス製品(コップ、食器等),分別収集（その他のビン・ガラス類）に出す,か
2,資源物,換気扇,種類ごとに分別収集に出す,か
2,資源物,キャップ(金属製）,分別収集（その他の金属類）に出す,き
2,資源物,キャップ(プラスチック製）,プラマークがあり、汚れていないものは容器包装プラスチックに出す,き
2,資源物,キャリーバック,分別収集（その他の資源物）に出す、指定袋に入らない大きさのものは粗大ごみに出す,き
2,資源物,急須,種類ごとに分別収集に出す,き
2,資源物,金魚鉢（ガラス製）,分別収集（その他のビン・ガラス類）に出す,き
2,資源物,空気清浄機,分別収集（その他の資源物）に出す、指定袋に入らない大きさのものは粗大ごみに出す,く
2,資源物,釘,分別収集（危険ごみ）に出す,く
2,資源物,草刈り鎌,分別収集（危険ごみ）に出す,く
2,資源物,グラス,分別収集（その他のビン・ガラス類）に出す,く
2,資源物,クリスタルガラス製ビン,分別収集（その他のビン・ガラス類）に出す,く
2,資源物,クリップ（金属製）,分別収集（危険ごみ）に出す,く
2,資源物,蛍光管,分別収集（有害ごみ）に出す,け
2,資源物,携帯テレビ,小型家電回収ＢＯＸでの回収も可能,け
2,資源物,携帯電話,分別収集（小型家電）に出す、小型家電回収ＢＯＸも可能,け
2,資源物,化粧品のビン,分別収集（その他のビン・ガラス類）に出す,け
2,資源物,広告、チラシ類,新聞紙と一緒に出す,こ
2,資源物,香水のビン,分別収集（その他のビン・ガラス類）に出す,こ
2,資源物,小型ゲーム機,カセットは分別収集（その他のプラスチック）に出す、小型家電回収ＢＯＸでの回収も可能,こ
2,資源物,コップ,種類ごとに分別収集に出す,こ
2,資源物,粉ミルクのカン,分別収集（空カン）に出す,こ
2,資源物,コンパクト（鏡付き）,鏡は分別収集（有害ごみ）に出す、ケースは種類ごとに分別,こ
2,資源物,雑誌類,,さ
2,資源物,皿(陶磁器、金属、ガラス製),種類ごとに分別収集に出す,さ
2,資源物,磁石（シート状も含む）,分別収集（その他の金属類）に出す,し
2,資源物,ＣＤ、DVD,分別収集（その他のプラスチック）に出す,し
2,資源物,シーツ,古紙・布類に出す,し
2,資源物,自転車の空気入れ,分別収集（その他の資源物）に出す,し
2,資源物,自転車のチューブ,分別収集（その他の資源物）に出す,し
2,資源物,シャツ,下着、汚れた物は１m以下に切断し燃やせるごみで出す,し
2,資源物,シャンプー容器,分別収集（容器包装プラスチック）に出す,し
2,資源物,食用油の容器,種類ごとに分別収集に出す,し
2,資源物,食用油の容器（ビン類）,分別収集（色ごとに分別）に出す,し
2,資源物,ジョッキ,分別収集（その他のビン・ガラス類）に出す、金属製は分別収集（その他の金属類）に出す,し
2,資源物,食器,種類ごとに分別収集に出す,し
2,資源物,新聞紙,,し
2,資源物,水槽（ガラス製）,分別収集（その他のビン・ガラス類）に出す、枠は粗大ごみに出す,す
2,資源物,水槽（プラスチック製）,分別収集（その他のプラスチック）に出す、大きい物は粗大ごみに出す,す
2,資源物,水筒（ステンレス製）,分別収集（その他の資源物）に出す,す
2,資源物,炊飯ジャー,分別収集（その他の資源物）に出す,す
2,資源物,ステレオ,指定袋に入る大きさのものは分別収集（その他の資源物）に出す,す
2,資源物,スパイクシューズ,分別収集（その他の資源物）に出す,す
2,資源物,スピーカー,分別収集（その他の資源物）に出す,す
2,資源物,スプーン（金属製）,分別収集（危険ごみ）に出す,す
2,資源物,スプレー缶,穴をあけて分別収集（その他の金属類）に出す,す
2,資源物,石油ポンプ（手動・電池式）,本体は分別収集（その他の資源物）に出す、電池は外して分別収集（乾電池類）に出す,せ
2,資源物,洗濯ばさみ,種類ごとに分別収集へ出す,せ
2,資源物,洗面器,種類ごとに分別収集へ出す,せ
2,資源物,造花（プラスチック製）,分別収集（その他のプラスチック）に出す,そ
2,資源物,双眼鏡,分別収集（その他の資源物）に出す,そ
2,資源物,掃除機,分別収集（その他の資源物）に出す、指定袋に入らない大きさのものは粗大ごみに出す,そ
2,資源物,体温計（水銀式）,ビニール袋に入れ、分別収集（有害ごみ）に出す,た
2,資源物,体温計（デジタル式）,分別収集（その他のプラスチック）に出す、電池は外して分別収集（乾電池類）に出す,た
2,資源物,体重計,分別収集（その他の資源物）に出す,た
2,資源物,耐熱ガラス製ビン,分別収集（その他のビン・ガラス類）に出す,た
2,資源物,タイヤチェーン(ゴム製),分別収集（その他の資源物）に出す,た
2,資源物,タオル、タオルケット,古布として出す,た
2,資源物,卵のパック(プラスチック製),分別収集（容器包装プラスチック）に出す,た
2,資源物,ダンボール,,た
2,資源物,茶わん,分別収集（陶磁器類）に出す,ち
2,資源物,調味料の容器,種類ごとに分別収集に出す,ち
2,資源物,チラシ、広告類,新聞紙と一緒に出す,ち
2,資源物,ＤＶＤプレーヤー,小型家電回収ＢＯＸでの回収も可能,て
2,資源物,デジタルカメラ,分別収集（小型家電）に出す,て
2,資源物,テレビゲーム（ソフト）,分別収集（その他のプラスチック）に出す,て
2,資源物,テレビゲーム（本体）,分別収集（その他の資源物）に出す,て
2,資源物,電気カミソリ,分別収集（その他の資源物）に出す,て
2,資源物,電球,分別収集（有害ごみ）に出す,て
2,資源物,電気コード,分別収集（その他の資源物）に出す,て
2,資源物,電子辞書,小型家電回収ＢＯＸでの回収も可能,て
2,資源物,電卓,分別収集（小型家電）に出す,て
2,資源物,電池（乾電池）,分別収集（乾電池類）に出す,て
2,資源物,電池（ボタン型電池）,分別収集（乾電池類）に出す,て
2,資源物,電動歯ブラシ,分別収集（小型家電）に出す,て
2,資源物,電話機,分別収集（小型家電）に出す,て
2,資源物,電話機（ＦＡＸ機能付き）,分別収集（その他の資源物）に出す、指定袋に入らない大きさのものは粗大ごみに出す,て
2,資源物,陶磁器(皿、湯呑み等),分別収集（陶磁器類）に出す,と
2,資源物,トースター,分別収集（その他の資源物）に出す,と
2,資源物,時計,種類ごとに分別収集に出す、電池は外して分別収集（乾電池類）に出す,と
2,資源物,土鍋,分別収集（陶磁器類）に出す,と
2,資源物,ドライバー,分別収集（危険ごみ）に出す,と
2,資源物,ドライヤー,分別収集（小型家電）に出す,と
2,資源物,鳥かご,種類ごとに分別取集に出す,と
2,資源物,塗料,指定袋に入る大きさのものは分別収集（その他の資源物）に出すただし、中身を完全に固めて出す,と
2,資源物,ナイフ,分別収集（危険ごみ）に出す,な
2,資源物,鍋（金属）,分別収集（その他の金属類）に出す,な
2,資源物,鉛（釣具）,分別収集（その他の金属類）に出す,な
2,資源物,ニッパー,分別収集（危険ごみ）に出す,に
2,資源物,入浴剤の容器(プラスチック製),分別収集（容器包装プラスチック）に出す,に
2,資源物,布類,下着、靴下、汚れた物は５０cm以下に切断し燃やせるごみで出す,ぬ
2,資源物,ノート,雑誌類にはさんで出す,の
2,資源物,ノコギリ,分別収集（危険ごみ）に出す,の
2,資源物,灰皿(ガラス・陶器・金属製),種類ごとに分別収集に出す,は
2,資源物,バインダー（文房具）,分別収集（その他の資源物）に出す,は
2,資源物,バケツ,種類ごとに分別収集に出す,は
2,資源物,はさみ,分別収集（危険ごみ）に出す,は
2,資源物,発泡スチロール,分別収集（容器包装プラスチック）に出す。ただし、事業系の回収はできません,は
2,資源物,刃物,分別収集（危険ごみ）に出す,は
2,資源物,針,分別収集（危険ごみ）に出す,は
2,資源物,針金,分別収集（その他の資源物）に出す,は
2,資源物,ハロゲンヒーター,分別収集（その他の資源物）に出す,は
2,資源物,ハンガー,種類ごとに分別収集に出す,は
2,資源物,ハンガー（木製）,分別収集（その他の資源物）に出す,は
2,資源物,ＨＤＤ,分別収集（小型家電）に出す、小型家電回収ＢＯＸでの回収も可能,は
2,資源物,パンフレット,雑誌類にはさんで出す,は
2,資源物,ビールびん,分別収集（茶色ビン）に出す,ひ
2,資源物,ビデオカメラ,分別収集（小型家電）に出す,ひ
2,資源物,ビデオテープ,分別収集（その他のプラスチック）に出す,ひ
2,資源物,ビデオデッキ,分別収集（その他の資源物）に出す,ひ
2,資源物,風鈴,種類ごとに分別収集に出す,ふ
2,資源物,フォーク（金属製）,分別収集（危険ごみ）に出す,ふ
2,資源物,フライパン,分別収集（その他の金属類）に出す,ふ
2,資源物,プランター,分別収集（その他のプラスチック）に出す、大きい物は粗大ごみへ出す,ふ
2,資源物,プリンター,分別収集（その他の資源物）に出す,ふ
2,資源物,フロッピーディスク,分別収集（その他のプラスチック）に出す,ふ
2,資源物,ヘアーピン,分別収集（危険ごみ）に出す,へ
2,資源物,ペットボトル,分別収集（ペットボトル）に出す、ふたとラベルは外して分別収集（容器のふた）に出す,へ
2,資源物,ベルト,分別収集（その他の資源物）に出す,へ
2,資源物,ヘルメット,分別収集（その他の資源物）に出す,へ
2,資源物,ペンチ,分別収集（危険ごみ）に出す,へ
2,資源物,包装紙,雑誌類にはさんで出す,ほ
2,資源物,包丁,分別収集（危険ごみ）に出す,ほ
2,資源物,ホース,分別収集（その他の資源物）に出す,ほ
2,資源物,ボール（スポーツ用）,分別収集（その他の資源物）に出す,ほ
2,資源物,ボール（調理用・金属製）,分別収集（その他の金属類）に出す,ほ
2,資源物,ボールペン,種類ごとに分別収集に出す,ほ
2,資源物,ホーロー製の鍋,分別収集（その他の金属類）に出す,ほ
2,資源物,ホチキスの芯,分別収集（危険ごみ）に出す,ほ
2,資源物,ポット,分別収集（その他の資源物）に出す,ほ
2,資源物,ほ乳ビン,種類ごとに分別収集へ出す,ほ
2,資源物,本,雑誌類として出す,ほ
2,資源物,マグネット,分別収集（その他の資源物）に出す,ま
2,資源物,豆電球,分別収集（有害ごみ）に出す,ま
2,資源物,ミキサー,分別収集（その他の資源物）に出す、ガラス部分は分別収集（その他のビン・ガラス類）に出す,み
2,資源物,ミシン,分別収集（その他の資源物）に出す、指定袋に入らない大きさのものは粗大ごみに出す,み
2,資源物,ミニコンポ,分別収集（その他の資源物）に出す、指定袋に入らない大きさのものは粗大ごみに出す,み
2,資源物,メガネ,分別収集（危険ごみ）に出す,め
2,資源物,毛布,古布に出す,も
2,資源物,やかん,分別収集（その他の金属類）に出す,や
2,資源物,湯たんぽ（プラスチック製）,分別収集（その他のプラスチック）に出す,ゆ
2,資源物,ライター,分別収集（危険ごみ）に出す,ら
2,資源物,ラケット（球技用）,分別収集（その他の資源物）に出す,ら
2,資源物,ラジオ,携帯用は小型家電に出す、指定袋に入る大きさのものはその他の資源物に出す,ら
2,資源物,ラジカセ,分別収集（その他の資源物）に出す,ら
2,資源物,ランドセル,分別収集（その他の資源物）に出す,ら
2,資源物,リール（釣具）,分別収集（その他の資源物）に出す,り
2,資源物,リモコン,分別収取（小型家電）に出す、小型家電回収ＢＯＸでの回収も可能,り
2,資源物,レコード盤,分別収集（その他のプラスチック）に出す,れ
2,資源物,レンジカバー(ガスレンジ用),分別収集（その他の資源物）に出す,れ
2,資源物,ロープ,分別収集（その他の資源物）に出す,ろ
2,資源物,ローラースケート,分別収集（その他の資源物）に出す,ろ
2,資源物,ワープロ,分別収集（その他の資源物）に出す,わ
2,粗大ごみ,アイロン台,,あ
2,粗大ごみ,アコーディオンカーテン,,あ
2,粗大ごみ,足ふきマット,布製のものは１ｍ以下に切断して燃やせるごみに出す,あ
2,粗大ごみ,網戸,,あ
2,粗大ごみ,衣装ケース,,い
2,粗大ごみ,イス,,い
2,粗大ごみ,一輪車(遊具用),,い
2,粗大ごみ,一輪車(運搬用),,い
2,粗大ごみ,乳母車,,う
2,粗大ごみ,羽毛布団,,う
2,粗大ごみ,オーブンレンジ,,お
2,粗大ごみ,おぼん(木製）,指定袋に入る大きさのものは燃やせるごみに出す,お
2,粗大ごみ,オルガン,,お
2,粗大ごみ,カーテン,,か
2,粗大ごみ,カーペット,,か
2,粗大ごみ,額縁,,か
2,粗大ごみ,ガスレンジ,,か
2,粗大ごみ,楽器類,,か
2,粗大ごみ,乾燥機,衣類乾燥機は購入店、買い替え店もしくは家電リサイクル協力店へ,か
2,粗大ごみ,キーボード（音楽用）,,き
2,粗大ごみ,ギター,,き
2,粗大ごみ,キッチンワゴン,,き
2,粗大ごみ,鏡台,鏡は取り外して分別収集（有害ごみ）に出す,き
2,粗大ごみ,クーラーボックス,指定袋に入る大きさのものは分別収集（その他のプラスチック）に出す,く
2,粗大ごみ,草刈り機（肩掛け）,,く
2,粗大ごみ,クッション,指定袋に入る大きさのものは燃やせるごみに出す,く
2,粗大ごみ,ござ,,こ
2,粗大ごみ,こたつ、こたつ布団,,こ
2,粗大ごみ,米びつ,,こ
2,粗大ごみ,ゴルフクラブ,,こ
2,粗大ごみ,ゴルフバッグ,,こ
2,粗大ごみ,サーフボード,,さ
2,粗大ごみ,座椅子,,さ
2,粗大ごみ,座布団,,さ
2,粗大ごみ,ざる,指定袋に入る大きさのものは分別収集に材質ごとに分別して出す,さ
2,粗大ごみ,三輪車,,さ
2,粗大ごみ,自転車（補助輪付き）,電動式はバッテリーを外して出す※交番・警察署（防犯協会）にて防犯登録を取消してください,し
2,粗大ごみ,自転車,※交番・警察署（防犯協会）にて防犯登録を取消してください,し
2,粗大ごみ,じゅうたん,,し
2,粗大ごみ,樹脂製波板,長さ１８０cm×幅９０cm以下に切断する,し
2,粗大ごみ,スーツ,,す
2,粗大ごみ,スーツケース,指定袋に入るものはその他の資源物に出す,す
2,粗大ごみ,スキー板、スキー靴,,す
2,粗大ごみ,スキーウェアー,,す
2,粗大ごみ,すだれ（竹製等）,,す
2,粗大ごみ,ストーブ,灯油を抜き取り、乾電池は外して分別収集（乾電池類）に出す,す
2,粗大ごみ,スノーボード,,す
2,粗大ごみ,すのこ,,す
2,粗大ごみ,セーター,,せ
2,粗大ごみ,石油ストーブ,灯油を抜き取り、乾電池は外して分別収集（乾電池類）に出す,せ
2,粗大ごみ,扇風機,,せ
2,粗大ごみ,洗面台,鏡・陶器部分は種類ごとに分別収集へ出す,せ
2,粗大ごみ,ソファー(スプリング入り),,そ
2,粗大ごみ,ソファーベット,,そ
2,粗大ごみ,たたみ,,た
2,粗大ごみ,たんす,,た
2,粗大ごみ,チャイルドシート,,ち
2,粗大ごみ,机（木製・金属製）,,つ
2,粗大ごみ,テーブル(木製・金属製),,て
2,粗大ごみ,電気カーペット,,て
2,粗大ごみ,電気ストーブ,指定袋に入るものはその他の資源物に出す,て
2,粗大ごみ,電気毛布,,て
2,粗大ごみ,電子オルガン,,て
2,粗大ごみ,籐製品,,と
2,粗大ごみ,トタン,長さ１８０cm×幅９０cm以下に切断する,と
2,粗大ごみ,パイプベット,,は
2,粗大ごみ,バット,,は
2,粗大ごみ,ピアノ,,ひ
2,粗大ごみ,ファンヒーター,灯油を抜き取り、乾電池は分別収集（乾電池類）に出す,ふ
2,粗大ごみ,ふすま,,ふ
2,粗大ごみ,布団,,ふ
2,粗大ごみ,ブルーシート,畳の大きさに切断する,ふ
2,粗大ごみ,ベッド,,へ
2,粗大ごみ,ベットマット,,へ
2,粗大ごみ,ベビーカー,,へ
2,粗大ごみ,ホイールキャップ,,ほ
2,粗大ごみ,ほうき,,ほ
2,粗大ごみ,歩行器（幼児用）,,ほ
2,粗大ごみ,ホットカーペット,畳の大きさに切断する,ほ
2,粗大ごみ,ホットプレート,,ほ
2,粗大ごみ,マッサージ椅子,,ま
2,粗大ごみ,モップ,布の部分は燃やせるごみに出す,も
2,粗大ごみ,物干し竿,,も
2,粗大ごみ,浴槽ふた,,よ
2,粗大ごみ,よしず,,よ
2,粗大ごみ,レジャーシート,畳の大きさに切断する,れ
2,収集しないごみ,ＬＰガスボンベ類,専門の業者へ依頼する,え
2,収集しないごみ,エアコン,購入店か買い替え店へ、ない場合は家電リサイクル協力店へ,え
2,収集しないごみ,ガスボンベ,専門の業者へ依頼する,か
2,収集しないごみ,金庫（耐火金庫）,専門の業者へ依頼する,き
2,収集しないごみ,携帯電話,購入店に戻す、小型家電回収ＢＯＸも可能,け
2,収集しないごみ,消火器,専門の業者へ依頼する,し
2,収集しないごみ,洗濯機,購入店か買い替え店へ、ない場合は家電リサイクル協力店へ,せ
2,収集しないごみ,タイヤ,購入店へ引き取りを依頼する,た
2,収集しないごみ,タイヤホイール,購入店へ引き取りを依頼する,た
2,収集しないごみ,注射器・注射針,専門の業者へ依頼する,ち
2,収集しないごみ,テレビ,購入店か買い替え店へ、ない場合は家電リサイクル協力店へ,て
2,収集しないごみ,灯油,専門の業者へ依頼する,と
2,収集しないごみ,ノート型パソコン,製造メーカーに連絡する,の
2,収集しないごみ,ＨＤＤ,小型家電回収ＢＯＸでの回収も可能,は
2,収集しないごみ,パソコン,製造メーカーに連絡する,は
2,収集しないごみ,冷蔵庫,購入店か買い替え店へ、ない場合は家電リサイクル協力店へ,れ
3,燃やせるごみ,足ふきマット,,あ
3,燃やせるごみ,油（食用油）,凝固剤等で固めて出す,あ
3,燃やせるごみ,油紙,,あ
3,燃やせるごみ,アルバム,,あ
3,燃やせるごみ,アルミはく,,あ
3,燃やせるごみ,ウインドブレーカー,,う
3,燃やせるごみ,植木鉢(プラスチック製）,,う
3,燃やせるごみ,ＭＤ,,え
3,燃やせるごみ,延長コード(室内用）,小型家電回収ＢＯＸでの回収も可能,え
3,燃やせるごみ,おぼん（木、プラスチック製）,,お
3,燃やせるごみ,おもちゃ（プラスチック製）,金属部分は雑物の容器に出す、電池は外して有害ごみに出す,お
3,燃やせるごみ,おわん,,お
3,燃やせるごみ,カーテン,,か
3,燃やせるごみ,カーテン（レース製）,,か
3,燃やせるごみ,カーボン紙,,か
3,燃やせるごみ,貝殻,,か
3,燃やせるごみ,カイロ（使い捨てのもの）,,か
3,燃やせるごみ,額縁(木・プラスチック製),金属製は雑物の容器に出す,か
3,燃やせるごみ,カセットテープ,,か
3,燃やせるごみ,蚊取りマット,,か
3,燃やせるごみ,紙おむつ,汚物はトイレに流してから出す,か
3,燃やせるごみ,紙ねんど,,か
3,燃やせるごみ,紙パック（500ml以下）,500ml以上は集団回収に出す,か
3,燃やせるごみ,紙やすり,,か
3,燃やせるごみ,革製品,,か
3,燃やせるごみ,乾燥剤,,か
3,燃やせるごみ,感熱紙,,か
3,燃やせるごみ,草,,く
3,燃やせるごみ,靴,,く
3,燃やせるごみ,靴下,,く
3,燃やせるごみ,クッション,指定袋に入らないものは可燃性粗大ごみに出す,く
3,燃やせるごみ,毛糸,,こ
3,燃やせるごみ,ＣＤ、DVD,,し
3,燃やせるごみ,磁気カード,,し
3,燃やせるごみ,自転車のチューブ,,し
3,燃やせるごみ,写真,,し
3,燃やせるごみ,食用油の容器(プラスチック製）,,し
3,燃やせるごみ,除湿剤,中の水を抜く,し
3,燃やせるごみ,食器（プラスチック製・木製）,ガラス・陶器製は雑物の容器に出す,し
3,燃やせるごみ,スキー靴,,す
3,燃やせるごみ,ストッキング,,す
3,燃やせるごみ,スパイクシューズ,,す
3,燃やせるごみ,洗濯ばさみ,,す
3,燃やせるごみ,洗面器,金属製の物は雑物の容器に出す,す
3,燃やせるごみ,造花（プラスチック製）,,す
3,燃やせるごみ,スキー靴,,す
3,燃やせるごみ,ストッキング,,す
3,燃やせるごみ,スパイクシューズ,,す
3,燃やせるごみ,洗濯ばさみ,,せ
3,燃やせるごみ,洗面器,金属製の物は雑物の容器に出す,せ
3,燃やせるごみ,造花（プラスチック製）,,せ
3,燃やせるごみ,テレビゲーム（本体・ソフト）,,て
3,燃やせるごみ,テレホンカード,,て
3,燃やせるごみ,トイレブラシ（プラスチック製）,,と
3,燃やせるごみ,長靴,,な
3,燃やせるごみ,入浴剤の容器(紙、プラスチック製),,に
3,燃やせるごみ,ぬいぐるみ,,ぬ
3,燃やせるごみ,布くず,,ぬ
3,燃やせるごみ,粘土,,ね
3,燃やせるごみ,灰,水で湿らせて出す,は
3,燃やせるごみ,バインダー（文房具）,,は
3,燃やせるごみ,バケツ（プラスチック製）,金属製の物は雑物の容器に出す,は
3,燃やせるごみ,バッグ,,は
3,燃やせるごみ,発泡スチロール,容器包装プラスチックに該当しないもの,は
3,燃やせるごみ,花火,水で湿らして出す,は
3,燃やせるごみ,ハンガー（プラスチック製・木製）,,は
3,燃やせるごみ,ビデオテープ,,ひ
3,燃やせるごみ,プランター,指定袋に入らないものは可燃性粗大ごみに出す,ふ
3,燃やせるごみ,フロッピーディスク,,ふ
3,燃やせるごみ,ペットの砂,,へ
3,燃やせるごみ,ベルト,,へ
3,燃やせるごみ,ヘルメット,,へ
3,燃やせるごみ,ホイールキャップ,プラスチック製のもの,ほ
3,燃やせるごみ,帽子,,ほ
3,燃やせるごみ,防虫剤,,ほ
3,燃やせるごみ,ホース,指定袋に入らない物は可燃性粗大ごみに出す,ほ
3,燃やせるごみ,ボール（スポーツ用）,,ほ
3,燃やせるごみ,ボールペン（プラスチック製）,,ほ
3,燃やせるごみ,ポリタンク,指定袋に入らないものは可燃性粗大ごみに出す,ほ
3,燃やせるごみ,ポリ袋,,ほ
3,燃やせるごみ,保冷剤,,ほ
3,燃やせるごみ,まな板,,ま
3,燃やせるごみ,水枕,,み
3,燃やせるごみ,湯たんぽ（プラスチック製）,雑物の容器に出す,ゆ
3,燃やせるごみ,浴室マット,指定袋に入らない物は可燃性粗大ごみ,ゆ
3,燃やせるごみ,ランドセル,,ら
3,燃やせるごみ,レコード盤,,れ
3,燃やせるごみ,レジ袋,できるだけマイバッグを使用してごみ減量,れ
3,燃やせるごみ,レジャーシート,,れ
3,燃やせるごみ,ローソク,,ろ
3,燃やせるごみ,ロープ,,ろ
3,資源物,アイロン,硬金属の容器に出す,あ
3,資源物,空カン（飲食用）,空カンの容器に出す,あ
3,資源物,空カン（飲食用以外）,雑物の容器に出す,あ
3,資源物,空ビン（飲食用）,空ビンの容器に出す,あ
3,資源物,空ビン（飲食用以外）,雑物の容器に出す,あ
3,資源物,アダプター,雑物容器に出す、小型家電回収ＢＯＸでの回収も可能,あ
3,資源物,泡立て器,雑物の容器に出す,あ
3,資源物,安全ピン,雑物の容器に出す,あ
3,資源物,板ガラス,新聞紙などに包んで雑物の容器に出す（容器に入らない物は不燃性粗大ごみ）,い
3,資源物,一斗缶,雑物の容器に出す,い
3,資源物,鋳物鍋（鉄・銅製の鍋）,硬金属の容器に出す,い
3,資源物,植木鉢(素焼き）,雑物の容器に出す,う
3,資源物,鉛筆けずり,雑物の容器に出す,え
3,資源物,オーブントースター,雑物の容器に出す（容器に入らない物は不燃性粗大ごみ）,お
3,資源物,オーブンレンジ,雑物の容器に出す（容器に入らない物は不燃性粗大ごみ）,お
3,資源物,おぼん(金属製）,雑物の容器に出す,お
3,資源物,おろし金（金属製）,雑物の容器に出す,お
3,資源物,音楽プレーヤー,雑物の容器に出す、小型家電回収ＢＯＸでの回収も可能,お
3,資源物,鏡,雑物の容器に出す（容器に入らない物は不燃性粗大ごみ）,か
3,資源物,傘,雑物の容器に出す,か
3,資源物,傘（骨のみ）,雑物の容器に出す、骨以外の生地は燃やせるごみに出す,か
3,資源物,加湿器,雑物の容器に出す（容器に入らない物は不燃性粗大ごみ）,か
3,資源物,菓子箱（金属製）,空カンの容器に出す,か
3,資源物,カセットガスボンベ,穴をあけて雑物の容器に出す,か
3,資源物,カセットコンロ,硬金属類の容器に出す（入らない物は不燃性粗大ごみ）,か
3,資源物,カセットデッキ,雑物の容器に出す（容器に入らない物は不燃性粗大ごみ）,か
3,資源物,カッターの刃,雑物の容器に出す,か
3,資源物,カップラーメンの容器,容器包装プラスチックの容器に出す,か
3,資源物,かなづち,硬金属類の容器に出す,か
3,資源物,花瓶,雑物の容器に出す,か
3,資源物,かみそり,雑物の容器に出す,か
3,資源物,カメラ,雑物の容器に出す,か
3,資源物,ガラス製品(コップ、食器等),雑物の容器に出す（割れたものは紙などに包んで出す）,か
3,資源物,換気扇,雑物の容器に出す（容器に入らない物は不燃性粗大ごみ）,か
3,資源物,キャップ(金属製）,雑物の容器に出す,き
3,資源物,キャップ(プラスチック製）,容器包装プラスチックの容器に出す（プラマークのついていないものは燃やせるごみに出す）,き
3,資源物,急須（金属製）,雑物の容器に出す,き
3,資源物,急須（陶磁器製）,雑物の容器に出す,き
3,資源物,金魚鉢（ガラス製）,雑物の容器に出す（容器に入らない物は不燃性粗大ごみ）,き
3,資源物,釘,硬金属類の容器に出す,く
3,資源物,草刈り鎌,硬金属類の容器に出す,く
3,資源物,口紅,雑物の容器に出す,く
3,資源物,グラス,雑物の容器に出す,く
3,資源物,クリスタルガラス製ビン,雑物の容器に出す,く
3,資源物,クリップ,雑物の容器に出す,く
3,資源物,蛍光管,有害ごみの容器に出す,こ
3,資源物,携帯用テレビ,雑物の容器に出す、小型家電回収ＢＯＸでの回収も可能,こ
3,資源物,化粧品のビン,雑物の容器に出す,こ
3,資源物,香水のビン,雑物の容器に出す,こ
3,資源物,コップ（ガラス製）,雑物の容器に出す,こ
3,資源物,粉ミルクのカン,空カンの容器に出す,こ
3,資源物,コンパクト（鏡付き）,雑物の容器に出す,こ
3,資源物,皿（陶磁器、ガラス製）,雑物の容器に出す,さ
3,資源物,ざる（金属製）,雑物の容器に出す,さ
3,資源物,自転車の空気入れ（金属製）,硬金属の容器にだす,し
3,資源物,シャンプー容器,容器包装プラスチックの容器に出す（プラマークのついていないものは燃やせるごみに出す）,し
3,資源物,ジョッキ,雑物の容器に出す,し
3,資源物,食器（金属製）,小金属の容器に出す,し
3,資源物,水筒（ステンレス製）,雑物の容器に出す,す
3,資源物,炊飯ジャー,雑物の容器に入らない物は不燃性粗大ごみに出す,す
3,資源物,スプーン（金属製）,雑物の容器に出す,す
3,資源物,スプレー缶,穴をあけて雑物の容器に出す,す
3,資源物,水筒（ステンレス製）,雑物の容器に出す,す
3,資源物,炊飯ジャー,雑物の容器に入らない物は不燃性粗大ごみに出す,す
3,資源物,スプーン（金属製）,雑物の容器に出す,す
3,資源物,スプレー缶,穴をあけて雑物の容器に出す,す
3,資源物,ＤＶＤプレーヤー,雑物の容器に出す、小型家電回収BOXでの回収も可能,て
3,資源物,手提げ金庫,硬金属類の容器に出す,て
3,資源物,デジタルカメラ,雑物の容器に出す、小型家電回収BOXでの回収も可能,て
3,資源物,鉄アレイ,硬金属類の容器に出す,て
3,資源物,電気カミソリ,雑物の容器に出す,て
3,資源物,電気コード,雑物の容器に出す、小型家電回収BOXでの回収も可能,て
3,資源物,電球,有害ごみの容器に出す,て
3,資源物,電子辞書,雑物の容器に出す、小型家電回収BOXでの回収も可能,て
3,資源物,電卓,雑物の容器に出す、小型家電回収BOXでの回収も可能,て
3,資源物,電池（乾電池）,有害ごみの容器に出す,て
3,資源物,電池（ボタン型電池）,有害ごみの容器に出す,て
3,資源物,電動歯ブラシ,雑物の容器に出す,て
3,資源物,電話機,雑物の容器に出す,て
3,資源物,陶磁器（皿、湯呑み、コップ等）,雑物の容器に出す,と
3,資源物,トースター,雑物の容器に出す,と
3,資源物,時計,雑物の容器に出す,と
3,資源物,土鍋,雑物の容器に出す,と
3,資源物,ドライバー,硬金属の容器に出す,と
3,資源物,ドライヤー,雑物の容器に出す,と
3,資源物,鳥かご（金属製）,雑物の容器に出す（木製は燃やせるごみ）,と
3,資源物,ナイフ,雑物の容器に出す、危険防止のため刃を紙などで覆う,な
3,資源物,納豆の容器,容器包装プラスチックの容器に出す,な
3,資源物,鍋（金属）,雑物の容器に出す,な
3,資源物,鉛（釣具）,雑物の容器に出す,な
3,資源物,ニッパー,硬金属の容器に出す,に
3,資源物,入浴剤の容器（金属製）,雑物の容器に出す,に
3,資源物,ノコギリ,硬金属の容器に出す,の
3,資源物,ＨＤＤ,雑物の容器に出す、小型家電回収ＢＯＸでの回収も可能,は
3,資源物,ハーモニカ,雑物の容器に出す,は
3,資源物,灰皿（ガラス・陶器製）,雑物の容器に出す,は
3,資源物,白色トレイ,容器包装プラスチックの容器に出す,は
3,資源物,はさみ,雑物の容器に出す,は
3,資源物,刃物,雑物の容器に出す、危険防止のため刃を紙などで覆う,は
3,資源物,ハロゲンヒーター,雑物の容器に出す（入らないものは不燃性粗大ごみ）,は
3,資源物,針,雑物の容器に出す,は
3,資源物,針金,硬金属類の容器に出す,は
3,資源物,ハンガー（金属製）,硬金属類の容器に出す,は
3,資源物,ビデオカメラ,雑物の容器に出す,ひ
3,資源物,ビデオデッキ,雑物の容器に入らない物は不燃性粗大ごみ,ひ
3,資源物,フォーク（金属製）,雑物の容器に出す（プラスチック製は燃やせるごみ）,ふ
3,資源物,フライパン,雑物の容器に出す,ふ
3,資源物,文鎮,硬金属類の容器に出す,ふ
3,資源物,ヘアーピン,雑物の容器に出す,へ
3,資源物,ペットフードの空カン,空カンの容器に出す,へ
3,資源物,ペットボトル,キャップとラベルは容器包装プラスチックの容器に出す,へ
3,資源物,ペンチ,硬金属類の容器に出す,へ
3,資源物,包丁,雑物の容器に出す、危険防止のため刃を紙などで覆う,ほ
3,資源物,ボール（調理用・金属製）,雑物の容器に出す（プラスチック製は燃やせるごみ）,ほ
3,資源物,ホーロー製の鍋,雑物の容器に出す,ほ
3,資源物,ホチキスの芯,雑物の容器に出す,ほ
3,資源物,ポット,雑物の容器に出す,ほ
3,資源物,ほ乳ビン,雑物の容器に出す,ほ
3,資源物,マグネット,雑物の容器に出す,ま
3,資源物,豆電球,有害ごみの容器に出す,ま
3,資源物,ミキサー,雑物の容器に出す,み
3,資源物,ミニコンポ,雑物の容器に入らない物は不燃性粗大ごみとして出す,み
3,資源物,メガネ,雑物の容器に出す,め
3,資源物,やかん,雑物の容器に出す,や
3,資源物,ライター（プラスチック製）,雑物の容器に出す（使い切ってから出す）,ら
3,資源物,ラジオ,雑物の容器に出す,ら
3,資源物,ラジカセ,雑物の容器に出す,ら
3,資源物,リール（釣具）,雑物の容器に出す,り
3,資源物,離乳食用のビン,雑物の容器に出す,り
3,資源物,リモコン,雑物の容器に出す、小型家電回収ＢＯＸでの回収も可能,り
3,資源物,レンジカバー(ガスレンジ用),雑物の容器に出す,れ
3,資源物,ローラースケート（プラスチック製）,雑物の容器に出す,ろ
3,資源物,ワープロ,雑物の容器に出す（入らない物は不燃性粗大ごみ）,わ
3,粗大ごみ可燃,衣装ケース(プラスチック製),,い
3,粗大ごみ可燃,羽毛布団,,う
3,粗大ごみ可燃,カーペット,,か
3,粗大ごみ可燃,ギター,,き
3,粗大ごみ可燃,キッチンワゴン,,き
3,粗大ごみ可燃,キャリーバック,,き
3,粗大ごみ可燃,クーラーボックス,,く
3,粗大ごみ可燃,ござ,,こ
3,粗大ごみ可燃,こたつ、こたつ布団,,こ
3,粗大ごみ可燃,ゴルフバッグ,,こ
3,粗大ごみ可燃,座布団,ひもで十文字にしばる,さ
3,粗大ごみ可燃,じゅうたん,,し
3,粗大ごみ可燃,スーツケース,,す
3,粗大ごみ可燃,スキー板,,す
3,粗大ごみ可燃,すだれ（竹製等）,,す
3,粗大ごみ可燃,スノーボード,,す
3,粗大ごみ可燃,すのこ,,す
3,粗大ごみ可燃,スーツケース,,す
3,粗大ごみ可燃,スキー板,,す
3,粗大ごみ可燃,すだれ（竹製等）,,す
3,粗大ごみ可燃,スノーボード,,す
3,粗大ごみ可燃,すのこ,,す
3,粗大ごみ可燃,剪定枝,,せ
3,粗大ごみ可燃,テーブル（木製）,金属・ガラス製の物は不燃性粗大ごみに出す,て
3,粗大ごみ可燃,電気カーペット,,て
3,粗大ごみ可燃,電気毛布,ひもで十文字にしばる指定袋に入る物は燃やせるごみに出す,て
3,粗大ごみ可燃,籐製品,,と
3,粗大ごみ可燃,バット（木製）,,は
3,粗大ごみ可燃,ふすま,,ふ
3,粗大ごみ可燃,布団,ひもで十文字にしばる,ふ
3,粗大ごみ可燃,ほうき,指定袋に入るものは燃やせるごみに出す,ほ
3,粗大ごみ可燃,歩行器（幼児用）,,ほ
3,粗大ごみ可燃,ホットカーペット,ひもで十文字にしばる,ほ
3,粗大ごみ可燃,毛布,,も
3,粗大ごみ可燃,浴槽ふた,,ゆ
3,粗大ごみ可燃,よしず,,よ
3,粗大ごみ不燃,アイロン台,,あ
3,粗大ごみ不燃,網戸,,あ
3,粗大ごみ不燃,イス（金属製）,木製の物は可燃性粗大ごみに出す,い
3,粗大ごみ不燃,一輪車（遊具用）,,い
3,粗大ごみ不燃,一輪車（運搬用）,,い
3,粗大ごみ不燃,乳母車,,う
3,粗大ごみ不燃,エレクトーン,,え
3,粗大ごみ不燃,オルガン,,お
3,粗大ごみ不燃,ガスレンジ,,か
3,粗大ごみ不燃,乾燥機,衣類乾燥機は購入店、買い替え店もしくは家電リサイクル協力店へ,か
3,粗大ごみ不燃,キーボード（音楽用）,,き
3,粗大ごみ不燃,空気清浄機,,く
3,粗大ごみ不燃,ゴルフクラブ,,こ
3,粗大ごみ不燃,座椅子,木製の物は可燃性粗大ごみに出す,さ
3,粗大ごみ不燃,三輪車,,さ
3,粗大ごみ不燃,自転車（補助輪付き）,※第三者へ譲渡する場合は交番・警察署（防犯協会）にて防犯登録を取消してください,し
3,粗大ごみ不燃,自転車,,し
3,粗大ごみ不燃,自転車のリム,,し
3,粗大ごみ不燃,水槽,,す
3,粗大ごみ不燃,ステレオ,,す
3,粗大ごみ不燃,ストーブ,,す
3,粗大ごみ不燃,スピーカー,雑物の容器に入らない物は不燃性粗大ごみに出す,す
3,粗大ごみ不燃,石油ストーブ,灯油を抜き取り乾電池を外す,す
3,粗大ごみ不燃,扇風機,,す
3,粗大ごみ不燃,洗面台,,す
3,粗大ごみ不燃,水槽,,す
3,粗大ごみ不燃,ステレオ,,す
3,粗大ごみ不燃,ストーブ,,す
3,粗大ごみ不燃,スピーカー,雑物の容器に入らない物は不燃性粗大ごみに出す,す
3,粗大ごみ不燃,石油ストーブ,灯油を抜き取り乾電池を外す,せ
3,粗大ごみ不燃,扇風機,,せ
3,粗大ごみ不燃,洗面台,,せ
3,粗大ごみ不燃,電気ストーブ,,て
3,粗大ごみ不燃,電子レンジ,,て
3,粗大ごみ不燃,トタン,,と
3,粗大ごみ不燃,バイク（50ccまで）,,は
3,粗大ごみ不燃,ファンヒーター,灯油を抜き取り乾電池を外す,ふ
3,粗大ごみ不燃,プリンター,,ふ
3,粗大ごみ不燃,ベッド,不燃性粗大ごみに出す,へ
3,粗大ごみ不燃,ベッドマット（スプリング入り）,,へ
3,粗大ごみ不燃,ベビーカー,,へ
3,粗大ごみ不燃,ホットプレート,,ほ
3,粗大ごみ不燃,マッサージ椅子,,ま
3,粗大ごみ不燃,ミシン,,み
3,粗大ごみ不燃,モップ,,も
3,粗大ごみ不燃,物干し竿,,も
3,粗大ごみ不燃,物干し台,,も
3,収集しないごみ,油（食用油以外）,専門の業者へ依頼する,あ
3,収集しないごみ,一升ビン,購入店に返す（引き取ってもらえない一升瓶は資源物の日に出す）,い
3,収集しないごみ,衣類乾燥機,購入店か買い替え店へ、ない場合は家電リサイクル協力店へ,か
3,収集しないごみ,ＬＰガスボンベ類,専門の業者へ依頼する,え
3,収集しないごみ,エアコン,購入店か買い替え店へ、ない場合は家電リサイクル協力店へ,え
3,収集しないごみ,菓子箱（紙製）,集団資源物回収に出す,か
3,収集しないごみ,ガスボンベ,専門の業者へ依頼する,か
3,収集しないごみ,カタログ,集団資源物回収に出す,か
3,収集しないごみ,紙袋,集団資源物回収に出す（プラスチック部分は燃やせるごみに出す）,か
3,収集しないごみ,カレンダー,プラスチック部分は燃やせるごみに出す,か
3,収集しないごみ,金庫,専門の業者に依頼する,き
3,収集しないごみ,携帯電話,購入店に戻す、小型家電回収ＢＯＸも可能,け
3,収集しないごみ,広告、チラシ類,集団資源物回収に出す,こ
3,収集しないごみ,雑誌類,集団資源物回収に出す,さ
3,収集しないごみ,シーツ,集団資源物回収に出す（汚れた物は燃やせるごみで出す）,し
3,収集しないごみ,シャツ,集団資源物回収に出す（汚れた物は燃やせるごみで出す）,し
3,収集しないごみ,消火器,専門の業者へ依頼する,し
3,収集しないごみ,新聞紙,集団資源物回収に出す,し
3,収集しないごみ,スーツ,集団資源物回収に出す（汚れた物は燃やせるごみで出す）,す
3,収集しないごみ,セーター,集団資源物回収に出す（汚れた物は燃やせるごみで出す）,せ
3,収集しないごみ,洗濯機,購入店か買い替え店、ない場合は家電リサイクル協力店へ,せ
3,収集しないごみ,ティッシュペーパーの箱,集団資源物回収に出す。ビニールは外す,て
3,収集しないごみ,テレビ,購入店か買い替え店、ない場合は家電リサイクル協力店へ,て
3,収集しないごみ,電話帳,NTTにひきとってもらう,て
3,収集しないごみ,灯油,専門の業者へ依頼する,と
3,収集しないごみ,塗料,専門の業者へ依頼する,と
3,収集しないごみ,布類,集団資源物回収に出す,ぬ
3,収集しないごみ,ネクタイ,集団資源物回収に出す,ね
3,収集しないごみ,ノート型パソコン,製造メーカーに連絡する,の
3,収集しないごみ,バイク（51cc以上）,専門の業者へ依頼する,は
3,収集しないごみ,はがき,集団資源物回収に出す（雑誌にはさんで出す）,は
3,収集しないごみ,パンフレット,集団資源物回収に出す,は
3,収集しないごみ,パソコン,製造メーカーに連絡する,は
3,収集しないごみ,バッテリー,専門の業者へ依頼する,は
3,収集しないごみ,ピアノ,専門の業者へ依頼する,ひ
3,収集しないごみ,ビールびん,購入店に返す(預かり保証金がついています),ひ
3,収集しないごみ,封筒（紙製）,集団資源物回収に出す（窓のフィルムがある場合は外す）,ふ
3,収集しないごみ,包装紙,集団資源物回収に出す（雑誌にはさんで出す）,ほ
3,収集しないごみ,本,集団資源物回収に出す,ほ
3,収集しないごみ,名刺,雑誌にはさんで集団資源物回収に出す,め
3,収集しないごみ,冷蔵庫,購入店か買い替え店、ない場合は家電リサイクル協力店へ,れ
3,収集しないごみ,冷凍庫,購入店か買い替え店、ない場合は家電リサイクル協力店へ,れ
3,小型家電回収BOX,アダプター,雑物容器に出す、小型家電回収ＢＯＸでの回収も可能,あ
3,小型家電回収BOX,延長コード(室内用）,小型家電回収ＢＯＸでの回収も可能,え
3,小型家電回収BOX,音楽プレーヤー,雑物の容器に出す、小型家電回収ＢＯＸでの回収も可能,お
3,小型家電回収BOX,携帯電話,購入店に戻す、小型家電回収ＢＯＸも可能,け
3,小型家電回収BOX,携帯用テレビ,雑物の容器に出す、小型家電回収ＢＯＸでの回収も可能,け
3,小型家電回収BOX,小型ゲーム機,雑物の容器に出す、小型家電回収ＢＯＸでの回収も可能,こ
3,小型家電回収BOX,ＤＶＤプレーヤー,雑物の容器に出す、小型家電回収ＢＯＸでの回収も可能,て
3,小型家電回収BOX,デジタルカメラ,雑物の容器に出す、小型家電回収ＢＯＸでの回収も可能,て
3,小型家電回収BOX,電気コード,雑物の容器に出す、小型家電回収ＢＯＸでの回収も可能,て
3,小型家電回収BOX,電子辞書,雑物の容器に出す、小型家電回収ＢＯＸでの回収も可能,て
3,小型家電回収BOX,電卓,雑物の容器に出す、小型家電回収ＢＯＸでの回収も可能,て
3,小型家電回収BOX,ＨＤＤ,雑物の容器に出す、小型家電回収ＢＯＸでの回収も可能,は
3,小型家電回収BOX,ビデオカメラ,雑物の容器に出す、小型家電回収ＢＯＸでの回収も可能,ひ
3,小型家電回収BOX,ラジオ,雑物の容器に出す、小型家電回収ＢＯＸでの回収も可能,ら
3,小型家電回収BOX,リモコン,雑物の容器に出す、小型家電回収ＢＯＸでの回収も可能,り
4,燃やせるごみ,足ふきマット,,あ
4,燃やせるごみ,油（食用油）,できるだけ地域の廃油回収に出す,あ
4,燃やせるごみ,油紙,,あ
4,燃やせるごみ,油の容器（プラスチック製）,,あ
4,燃やせるごみ,アルバム,金属部分はできるだけ外して燃やせないごみに出す,あ
4,燃やせるごみ,ウインドブレーカー,,う
4,燃やせるごみ,植木鉢(プラスチック製）,,う
4,燃やせるごみ,ＭＤ,,え
4,燃やせるごみ,おぼん(木、プラスチック製）,,お
4,燃やせるごみ,おもちゃ（プラスチック製）,金属部分は燃やせないごみに出す、電池は外して有害ごみに出す,お
4,燃やせるごみ,おわん,,お
4,燃やせるごみ,カーテン（レース製）,,お
4,燃やせるごみ,カーボン紙,ノンカーボン紙は古紙・布類に出す,か
4,燃やせるごみ,貝殻,,か
4,燃やせるごみ,カイロ（使い捨てのもの）,,か
4,燃やせるごみ,額縁(木・プラスチック製),ステンレス製は燃やせないごみに出す、指定袋に入らないものは粗大ごみに出す,か
4,燃やせるごみ,カセットテープ,,か
4,燃やせるごみ,蚊取りマット,,か
4,燃やせるごみ,紙おむつ,汚物はトイレに流してから出す,か
4,燃やせるごみ,紙ねんど,,か
4,燃やせるごみ,紙やすり,,か
4,燃やせるごみ,革製品,,か
4,燃やせるごみ,乾燥剤,,か
4,燃やせるごみ,感熱紙,,か
4,燃やせるごみ,クーラーボックス,指定袋に入らないものは粗大ごみに出す,く
4,燃やせるごみ,草,,く
4,燃やせるごみ,口紅,金属製は燃やせないごみに出す,く
4,燃やせるごみ,靴,,く
4,燃やせるごみ,靴下,,く
4,燃やせるごみ,クッション,指定袋に入らないものは粗大ごみに出す,く
4,燃やせるごみ,毛糸,,け
4,燃やせるごみ,ＣＤ、DVD,,し
4,燃やせるごみ,磁気カード,,し
4,燃やせるごみ,自転車のチューブ,,し
4,燃やせるごみ,写真,,し
4,燃やせるごみ,食用油の容器(プラスチック製）,,し
4,燃やせるごみ,除湿剤,中の水を抜く,し
4,燃やせるごみ,食器（プラスチック製・木製）,ガラス・陶器製は燃やせないごみに出す,し
4,燃やせるごみ,スキーウェアー、スキー靴,,す
4,燃やせるごみ,ストッキング,,す
4,燃やせるごみ,スパイクシューズ,,す
4,燃やせるごみ,洗濯ばさみ,,せ
4,燃やせるごみ,剪定枝,指定袋に入らない場合は上津クリーンセンター内の剪定枝リサイクル施設へ,せ
4,燃やせるごみ,洗面器,金属製の物は小金属・小型家電の容器に出す,せ
4,燃やせるごみ,造花（プラスチック製）,,そ
4,燃やせるごみ,ぞうきん,,そ
4,燃やせるごみ,タイヤチェーン（ゴム製）,,た
4,燃やせるごみ,竹串,先を紙などに包んで出す,た
4,燃やせるごみ,脱臭剤,,た
4,燃やせるごみ,積み木,,つ
4,燃やせるごみ,テレビゲーム（ソフト）,,て
4,燃やせるごみ,テレホンカード,,て
4,燃やせるごみ,電気カーペット,指定袋に入らないものは粗大ごみに出す,て
4,燃やせるごみ,電気毛布,指定袋に入らないものは粗大ごみに出す,て
4,燃やせるごみ,トイレブラシ（プラスチック製）,,と
4,燃やせるごみ,長靴,,な
4,燃やせるごみ,納豆の容器,,な
4,燃やせるごみ,入浴剤の容器(紙),プラスチック製のものは、容器包装プラスチックとして出す,に
4,燃やせるごみ,ぬいぐるみ,,ぬ
4,燃やせるごみ,布くず,,ぬ
4,燃やせるごみ,灰,,は
4,燃やせるごみ,バインダー（文房具）,,は
4,燃やせるごみ,バケツ（プラスチック製）,金属製の物は小金属・小型家電の容器に出す,は
4,燃やせるごみ,バッグ,,は
4,燃やせるごみ,花火,水で湿らして出す,は
4,燃やせるごみ,ハンガー（プラスチック製・木製）,金属製は資源物の小金属・小型家電の容器に出す,は
4,燃やせるごみ,ビデオテープ,,ひ
4,燃やせるごみ,プランター,指定袋に入らないものは粗大ごみに出す,ふ
4,燃やせるごみ,フロッピーディスク,,ふ
4,燃やせるごみ,ベルト,,へ
4,燃やせるごみ,ヘルメット,,へ
4,燃やせるごみ,ホイールキャップ,プラスチック製のもの,ほ
4,燃やせるごみ,帽子,,ほ
4,燃やせるごみ,防虫剤,,ほ
4,燃やせるごみ,ホース,,ほ
4,燃やせるごみ,ボール（スポーツ用）,,ほ
4,燃やせるごみ,ボールペン（プラスチック製）,,ほ
4,燃やせるごみ,ポリタンク,指定袋に入らないものは粗大ごみに出す,ほ
4,燃やせるごみ,ポリ袋,,ほ
4,燃やせるごみ,保冷剤,,ほ
4,燃やせるごみ,まな板,,ま
4,燃やせるごみ,水枕,,み
4,燃やせるごみ,湯たんぽ（プラスチック製）,金属製の物は小金属・小型家電の容器に出す,ゆ
4,燃やせるごみ,浴室マット,指定袋に入らないものは粗大ごみに出す,よ
4,燃やせるごみ,ライター（プラスチック製）,使い切ってから出す,ら
4,燃やせるごみ,ランドセル,,ら
4,燃やせるごみ,レコード盤,,れ
4,燃やせるごみ,レジャーシート,,れ
4,燃やせるごみ,ローソク,,ろ
4,燃やせるごみ,ロープ,,ろ
4,燃やせるごみ,ローラースケート（プラスチック製）,金属製の物は小金属・小型家電の容器に出す,ろ
4,燃やせないごみ,空ビン（飲食用以外）,,あ
4,燃やせないごみ,アルミはく,,あ
4,燃やせないごみ,安全ピン,,あ
4,燃やせないごみ,板ガラス,新聞紙などに包んで出す,い
4,燃やせないごみ,植木鉢(素焼き）,,う
4,燃やせないごみ,鉛筆けずり,,え
4,燃やせないごみ,音楽プレーヤー,携帯用のものは小金属・小型家電の容器、もしくは小型家電回収BOXでの回収も可能,お
4,燃やせないごみ,傘,,か
4,燃やせないごみ,加湿器,指定袋に入らないものは粗大ごみに出す,か
4,燃やせないごみ,カセットデッキ,指定袋に入らないものは粗大ごみに出す,か
4,燃やせないごみ,カッターの刃,紙などに包んで出す,か
4,燃やせないごみ,かなづち,,か
4,燃やせないごみ,花瓶,,か
4,燃やせないごみ,かみそり,先を紙などに包んで出す,か
4,燃やせないごみ,ガラス製品(コップ、食器等),割れたものは紙などに包んで出す,か
4,燃やせないごみ,換気扇,指定袋に入らないものは粗大ごみに出す,か
4,燃やせないごみ,キャップ(金属製）,大きさが５ｃｍ以上の物は小金属・小型家電の容器に出す,き
4,燃やせないごみ,急須（陶磁器製）,,き
4,燃やせないごみ,金魚鉢（ガラス製）,プラスチック製は燃やせるごみに出す、指定袋に入らないものは粗大ごみに出す,き
4,燃やせないごみ,空気清浄機,指定袋に入らないものは粗大ごみに出す,く
4,燃やせないごみ,釘,,く
4,燃やせないごみ,草刈り鎌,先を紙などに包んで出す,く
4,燃やせないごみ,グラス,割れた物は紙などに包んで出す,く
4,燃やせないごみ,クリスタルガラス製ビン,,く
4,燃やせないごみ,クリップ,,く
4,燃やせないごみ,化粧品の容器（ガラス製）,,け
4,燃やせないごみ,香水のビン,,こ
4,燃やせないごみ,コップ（ガラス製）,金属製は小金属・小型家電の容器に出す、プラスチック製は燃やせるごみに出す,こ
4,燃やせないごみ,皿（陶磁器、ガラス製）,,さ
4,燃やせないごみ,ジョッキ（ガラス製）,金属製の物は小金属・小型家電の容器に出す,し
4,燃やせないごみ,水槽（ガラス製）,指定袋に入らないものは粗大ごみに出す,す
4,燃やせないごみ,炊飯ジャー,中の釜は小金属・小型家電の容器に出す,す
4,燃やせないごみ,スピーカー,指定袋に入らないものは粗大ごみに出す,す
4,燃やせないごみ,双眼鏡,,そ
4,燃やせないごみ,掃除機,ホースなどは燃やせるごみに出す,そ
4,燃やせないごみ,体温計（デジタル式）,,た
4,燃やせないごみ,耐熱ガラス製ビン,,た
4,燃やせないごみ,体重計,,た
4,燃やせないごみ,茶わん,割れた物は紙などに包んで出す,ち
4,燃やせないごみ,電気ストーブ,指定袋に入らないものは粗大ごみに出す,て
4,燃やせないごみ,電球,,て
4,燃やせないごみ,電話機（ＦＡＸ機能付き）,,て
4,燃やせないごみ,陶磁器（皿、湯呑み、コップ等）,,と
4,燃やせないごみ,時計,電池は外す、小金属・小型家電の容器もしくは小型家電回収BOXでの回収も可能,と
4,燃やせないごみ,土鍋,,と
4,燃やせないごみ,ドライバー,,と
4,燃やせないごみ,ナイフ,先を紙などに包んで出す,な
4,燃やせないごみ,粘土,,ね
4,燃やせないごみ,ノコギリ,先を紙などに包んで出す,の
4,燃やせないごみ,灰皿（ガラス・陶器製）,金属製は小金属・小型家電の容器に出す,は
4,燃やせないごみ,はさみ,先を紙などに包んで出す,は
4,燃やせないごみ,刃物,先を紙などに包んで出す,は
4,燃やせないごみ,針,紙などに包んで出す,は
4,燃やせないごみ,ビデオデッキ,指定袋に入らないものは粗大ごみに出す,ひ
4,燃やせないごみ,プリンター,指定袋に入らないものは粗大ごみに出す,ふ
4,燃やせないごみ,ヘアーピン,,へ
4,燃やせないごみ,ペットの砂,,へ
4,燃やせないごみ,包丁,先を紙などに包んで出す,ほ
4,燃やせないごみ,ホッチキスの芯,,ほ
4,燃やせないごみ,ポット,,ほ
4,燃やせないごみ,ほ乳ビン,,ほ
4,燃やせないごみ,マグネット,,ま
4,燃やせないごみ,豆電球,,ま
4,燃やせないごみ,ミキサー,,み
4,燃やせないごみ,ミシン,指定袋に入らないものは粗大ごみに出す,み
4,燃やせないごみ,ミニコンポ,指定袋に入らないものは粗大ごみに出す,み
4,燃やせないごみ,メガネ,,め
4,燃やせないごみ,ラジオ,携帯用以外のもの,ら
4,燃やせないごみ,ラジカセ,,ら
4,燃やせないごみ,リール（釣具）,,り
4,燃やせないごみ,離乳食用のビン,,り
4,燃やせないごみ,レンジカバー(ガスレンジ用),,れ
4,燃やせないごみ,ワープロ,,わ
4,資源物,アイロン,小金属・小型家電の容器に出す,あ
4,資源物,空カン（飲食用）,空カンの容器に出す,あ
4,資源物,空カン（飲食用以外）,小金属・小型家電の容器に出す,あ
4,資源物,空ビン（飲食用）,空ビンの容器に出す,あ
4,資源物,アダプター,小金属・小型家電の容器もしくは小型家電回収ＢＯＸでの回収も可能,あ
4,資源物,油の容器（金属製）,空カンの容器に出す、汚れはできるだけ紙などにしみこませてから出す,あ
4,資源物,泡立て器,小金属・小型家電の容器に出す,あ
4,資源物,一斗缶,小金属・小型家電の容器に出す,い
4,資源物,鋳物鍋（鉄・銅製の鍋）,小金属・小型家電の容器に出す,い
4,資源物,延長コード(室内用）,小金属・小型家電の容器もしくは小型家電回収ＢＯＸでの回収も可能,え
4,資源物,オーブントースター,小金属・小型家電の容器に出す,お
4,資源物,おぼん(金属製）,小金属・小型家電の容器に出す,お
4,資源物,携帯電話,小金属・小型家電の容器もしくは小型家電回収ＢＯＸも可能　※個人情報は消去する　,け
4,資源物,おろし金(金属製）,小金属・小型家電の容器に出す、プラスチック製は燃やせるごみに出す,お
4,資源物,カーナビ,小金属・小型家電の容器もしくは小型家電回収BOXでの回収も可能,か
4,資源物,傘（骨のみ）,小金属・小型家電の容器に出す、骨以外の生地は燃やせるごみに出す,か
4,資源物,菓子箱（金属製）,空カンの容器に出す,か
4,資源物,カセットガスボンベ,穴をあけて小金属・小型家電の容器に出す,か
4,資源物,カセットコンロ,小金属・小型家電の容器に出す,か
4,資源物,カップラーメンの容器（プラスチック製）,容器包装プラスチックとして透明・半透明の袋に入れて出す、汚れた物は燃やせるごみに出す,か
4,資源物,カメラ,小金属・小型家電の容器もしくは小型家電回収ＢＯＸでの回収も可能,か
4,資源物,キャップ(プラスチック製）,容器包装プラスチックとして出す,き
4,資源物,急須（金属製）,小金属・小型家電の容器に出す,き
4,資源物,携帯用テレビ,小金属・小型家電の容器もしくは小型家電回収BOXでの回収も可能,け
4,資源物,携帯用ラジオ,小金属・小型家電の容器もしくは小型家電回収BOXでの回収も可能,け
4,資源物,小型ゲーム機,小金属・小型家電の容器もしくは小型家電回収BOXでの回収を可能,こ
4,資源物,粉ミルクのカン,空カンの容器に出す,こ
4,資源物,ざる（金属製）,小金属・小型家電の容器に出す,さ
4,資源物,自転車の空気入れ（金属製）,小金属・小型家電の容器に出す、プラスチック製は燃やせるごみに出す,し
4,資源物,シャンプー容器,容器包装プラスチックとして出す,し
4,資源物,食器（金属製）,小金属・小型家電の容器に出す,し
4,資源物,食品トレイ,色柄トレイも含めて、容器包装プラスチックとして出す,し
4,資源物,水筒（ステンレス製）,小金属・小型家電の容器に出す、プラスチック製は燃やせるごみに出す,す
4,資源物,スプーン（金属製）,小金属・小型家電の容器に出す,す
4,資源物,スプレー缶,穴をあけて小金属・小型家電の容器に出す,す
4,資源物,スマートフォン,小金属・小型家電の容器もしくは小型家電回収BOXでの回収も可能　※個人情報は消去する,せ
4,資源物,タイヤチェーン（金属製）,小金属・小型家電の容器に出す,た
4,資源物,卵のパック（プラスチック製）,容器包装プラスチックとして透明・半透明の袋に入れて出す、汚れた物は燃やせるごみに出す,た
4,資源物,調味料のプラスチック容器,容器包装プラスチックとして透明・半透明の袋に入れて出す、汚れた物は燃やせるごみに出す,ち
4,資源物,手提げ金庫,小金属・小型家電の容器に出す,て
4,資源物,デジタルカメラ,小金属・小型家電の容器もしくは小型家電回収ＢＯＸでの回収も可能,て
4,資源物,デジタルビデオ,小金属・小型家電の容器もしくは小型家電回収ＢＯＸでの回収も可能,て
4,資源物,テレビゲーム（本体）,小金属・小型家電の容器もしくは小型家電回収ＢＯＸでの回収も可能,て
4,資源物,電気カミソリ,小金属・小型家電の容器もしくは小型家電回収BOXでの回収も可能,て
4,資源物,電気コード,小金属・小型家電の容器もしくは小型家電回収BOXでの回収も可能,て
4,資源物,電子辞書,小金属・小型家電の容器もしくは小型家電回収ＢＯＸでの回収も可能,て
4,資源物,電卓,小金属・小型家電の容器もしくは小型家電回収ＢＯＸでの回収も可能,て
4,資源物,電動歯ブラシ,小金属・小型家電の容器もしくは小型家電回収ＢＯＸでの回収も可能,て
4,資源物,電話機,小金属・小型家電の容器もしくは小型家電回収ＢＯＸでの回収も可能,て
4,資源物,トースター,小金属・小型家電の容器に出す,と
4,資源物,鳥かご（金属製）,小金属・小型家電の容器に出す,と
4,資源物,ドライヤー,小金属・小型家電の容器もしくは小型家電回収BOXでの回収も可能,と
4,資源物,鍋（金属）,小金属・小型家電の容器に出す,な
4,資源物,鉛（釣具）,透明な袋に入れて、小金属・小型家電の容器に出す,な
4,資源物,ニッパー,小金属・小型家電の容器に出す,に
4,資源物,入浴剤の容器（金属製）,小金属・小型家電の容器に出す,に
4,資源物,入浴剤の容器（プラスチック製）,容器包装プラスチックとして透明・半透明の袋に入れて出す、汚れた物は燃やせるごみに出す,に
4,資源物,HDD,小金属・小型家電の容器もしくは小型家電回収BOXでの回収も可能,は
4,資源物,ハーモニカ,小金属・小型家電の容器に出す,は
4,資源物,発泡スチロール,容器包装プラスチックとして出す,は
4,資源物,ビデオカメラ,小金属・小型家電の容器もしくは小型家電回収ＢＯＸでの回収も可能,ひ
4,資源物,ビールびん,できる限り購入店に返す(預かり保証金がついています),ひ
4,資源物,針金,ひもで束ねて小金属・小型家電の容器に出す,は
4,資源物,フォーク（金属製）,小金属・小型家電の容器に出す、プラスチック製は燃やせるごみに出す,ふ
4,資源物,フライパン,小金属・小型家電の容器に出す,ふ
4,資源物,文鎮,小金属・小型家電の容器に出す,ふ
4,資源物,ペットフードの空カン,空カンの容器に出す、ふたも一緒に出す,へ
4,資源物,ペットボトル,キャップとラベルを外し軽くすすいで回収容器に出す、キャップとラベルは容器包装プラスチックに出す,へ
4,資源物,ペンチ,小金属・小型家電の容器に出す,へ
4,資源物,ボール（調理用・金属製）,プラスチック製は燃やせるごみに出す,ほ
4,資源物,ホーロー製の鍋,小金属・小型家電の容器に出す,ほ
4,資源物,ホットプレート,小金属・小型家電の容器に出す,ほ
4,資源物,やかん,小金属・小型家電の容器に出す,や
4,資源物,レジ袋,できるだけマイバッグを使用してごみ減量、プラマークがないものは燃やせるごみに出す,れ
4,資源物,ラジオ,携帯用は小金属・小型家電の容器もしくは小型家電回収BOXでの回収も可能,ら
4,資源物,リモコン,小金属・小型家電の容器もしくは小型家電回収BOXでの回収も可能,り
4,有害ごみ,鏡,透明の袋に入れて出す,か
4,有害ごみ,蛍光管,透明の袋に入れて出す,け
4,有害ごみ,コンパクト（鏡付き）,透明の袋に入れて出す,こ
4,有害ごみ,電池（乾電池）,透明の袋に入れて出す,て
4,有害ごみ,電池（ボタン型）,透明の袋に入れて出す,て
4,粗大ごみ,アイロン台,指定袋に入るものは燃やせないごみに出す,あ
4,粗大ごみ,網戸,,あ
4,粗大ごみ,衣装ケース(プラスチック製),指定袋に入るものは燃やせるごみに出す,い
4,粗大ごみ,イス,,い
4,粗大ごみ,一輪車（遊具用）,,い
4,粗大ごみ,一輪車（運搬用）,,い
4,粗大ごみ,乳母車,,う
4,粗大ごみ,羽毛布団,,う
4,粗大ごみ,エレクトーン,,え
4,粗大ごみ,オーブンレンジ,,お
4,粗大ごみ,オルガン,,お
4,粗大ごみ,カーペット,,か
4,粗大ごみ,額縁(木・プラスチック製),,か
4,粗大ごみ,ガスレンジ,,か
4,粗大ごみ,乾燥機（食器用）,衣類乾燥機は購入店、買い替え店もしくは家電リサイクル協力店へ,か
4,粗大ごみ,キーボード（音楽用）,,き
4,粗大ごみ,ギター,,き
4,粗大ごみ,キッチンワゴン,,き
4,粗大ごみ,キャリーバック,,き
4,粗大ごみ,空気清浄機,,く
4,粗大ごみ,ござ,,こ
4,粗大ごみ,こたつ、こたつ布団,,こ
4,粗大ごみ,ゴルフクラブ,,こ
4,粗大ごみ,ゴルフバッグ,,こ
4,粗大ごみ,座椅子,,さ
4,粗大ごみ,座布団,ひもで十文字にしばる,さ
4,粗大ごみ,三輪車,,さ
4,粗大ごみ,自転車（補助輪付き）,※第三者へ譲渡する場合は交番・警察署（防犯協会）にて防犯登録を取消してください,し
4,粗大ごみ,自転車,※第三者へ譲渡する場合は交番・警察署（防犯協会）にて防犯登録を取消してください,し
4,粗大ごみ,自転車のリム,,し
4,粗大ごみ,じゅうたん,,し
4,粗大ごみ,水槽,,す
4,粗大ごみ,スーツケース,,す
4,粗大ごみ,スキー板,,す
4,粗大ごみ,すだれ（竹製等）,,す
4,粗大ごみ,ステレオ,,す
4,粗大ごみ,ストーブ,,す
4,粗大ごみ,すのこ,,す
4,粗大ごみ,スノーボード,,す
4,粗大ごみ,石油ストーブ,灯油を抜き取り乾電池を外す,せ
4,粗大ごみ,扇風機,,せ
4,粗大ごみ,洗面台,,せ
4,粗大ごみ,ソファー（スプリング入り）,,そ
4,粗大ごみ,タイヤ,,た
4,粗大ごみ,タイヤホイール,,た
4,粗大ごみ,たたみ,,た
4,粗大ごみ,たんす,,た
4,粗大ごみ,チャイルドシート,,ち
4,粗大ごみ,机（木製）,,つ
4,粗大ごみ,テーブル（木製）,,て
4,粗大ごみ,電気カーペット,ひもで十文字にしばる、指定袋に入る物は燃やせるごみに出す,て
4,粗大ごみ,電気毛布,ひもで十文字にしばる、指定袋に入る物は燃やせるごみに出す,て
4,粗大ごみ,電子レンジ,,て
4,粗大ごみ,籐製品,指定袋に入る物は燃やせるごみに出す,と
4,粗大ごみ,トタン,,と
4,粗大ごみ,マッサージ椅子,,ま
4,粗大ごみ,ミシン,,み
4,粗大ごみ,モップ,,も
4,粗大ごみ,物干し竿,,も
4,粗大ごみ,物干し台,,も
4,粗大ごみ,バイク（50ccまで）,,は
4,粗大ごみ,バット,,は
4,粗大ごみ,バッテリー,できるだけ専門の業者へ依頼する,は
4,粗大ごみ,ハロゲンヒーター,,は
4,粗大ごみ,ファンヒーター,灯油を抜き取り乾電池を外す,ふ
4,粗大ごみ,ふすま,,ふ
4,粗大ごみ,布団,ひもで十文字にしばる,ふ
4,粗大ごみ,ベッド,,へ
4,粗大ごみ,ベッドマット（スプリング入り）,,へ
4,粗大ごみ,ベビーカー,,へ
4,粗大ごみ,ほうき,指定袋に入るものは燃やせるごみに出す,ほ
4,粗大ごみ,歩行器（幼児用）,,ほ
4,粗大ごみ,ホットカーペット,ひもで十文字にしばる,ほ
4,粗大ごみ,浴槽ふた,,よ
4,粗大ごみ,浴槽マット,,よ
4,粗大ごみ,よしず,,よ
4,収集しないごみ,油（食用油以外）,専門の業者へ依頼する,あ
4,収集しないごみ,一升ビン,購入店に返す、油や醤油のビンは空ビンの容器に出す,い
4,収集しないごみ,エアコン,購入店か買い替え店へ、ない場合は家電リサイクル協力店へ,え
4,収集しないごみ,ＬＰガスボンベ類,専門の業者へ依頼する,え
4,収集しないごみ,ガスボンベ,専門の業者へ依頼する,か
4,収集しないごみ,金庫,専門の業者に依頼する,き
4,収集しないごみ,消火器,専門の業者へ依頼する,し
4,収集しないごみ,洗濯機,購入店か買い替え店へ、ない場合は家電リサイクル協力店へ,せ
4,収集しないごみ,注射器・注射針,専門の業者へ依頼する,ち
4,収集しないごみ,テレビ,購入店か買い替え店へ、ない場合は家電リサイクル協力店へ,て
4,収集しないごみ,灯油,専門の業者へ依頼する,と
4,収集しないごみ,塗料,専門の業者へ依頼する,と
4,収集しないごみ,ノート型パソコン,製造メーカーに連絡する,の
4,収集しないごみ,バイク（51cc以上）,専門の業者へ依頼する,は
4,収集しないごみ,パソコン,製造メーカーに連絡する,は
4,収集しないごみ,バッテリー,専門の業者へ依頼する,は
4,収集しないごみ,ピアノ,専門の業者へ依頼する,ひ
4,収集しないごみ,冷蔵庫,購入店か買い替え店へ、ない場合は家電リサイクル協力店へ,れ
4,収集しないごみ,冷凍庫,購入店か買い替え店へ、ない場合は家電リサイクル協力店へ,れ
4,小型家電回収BOX,アダプター,小金属・小型家電の容器も可能,あ
4,小型家電回収BOX,延長コード(室内用）,小金属・小型家電の容器も可能,え
4,小型家電回収BOX,音楽プレーヤー,携帯用のものに限る、小金属・小型家電の容器も可能,お
4,小型家電回収BOX,カメラ,小金属・小型家電の容器も可能,か
4,小型家電回収BOX,携帯電話,小金属・小型家電の容器も可能　※個人情報は消去する,け
4,小型家電回収BOX,携帯用テレビ,小金属・小型家電の容器も可能,け
4,小型家電回収BOX,携帯用ラジオ,小金属・小型家電の容器も可能,け
4,小型家電回収BOX,小型ゲーム機,小金属・小型家電の容器も可能,こ
4,小型家電回収BOX,スマートフォン,小金属・小型家電の容器も可能　※個人情報は消去する,す
4,小型家電回収BOX,体温計（デジタル式）,電池は外す、小金属・小型家電の容器も可能,た
4,小型家電回収BOX,デジタルカメラ,小金属・小型家電の容器も可能,て
4,小型家電回収BOX,デジタルビデオ,小金属・小型家電の容器も可能,て
4,小型家電回収BOX,テレビゲーム（本体）,小金属・小型家電の容器も可能,て
4,小型家電回収BOX,電気カミソリ,小金属・小型家電の容器も可能,て
4,小型家電回収BOX,電気コード,小金属・小型家電の容器も可能,て
4,小型家電回収BOX,電子辞書,小金属・小型家電の容器も可能,て
4,小型家電回収BOX,電卓,小金属・小型家電の容器も可能,て
4,小型家電回収BOX,電動歯ブラシ,小金属・小型家電の容器も可能,て
4,小型家電回収BOX,電話機,小金属・小型家電の容器も可能,て
4,小型家電回収BOX,時計,電池は外す,と
4,小型家電回収BOX,ドライヤー,小金属・小型家電の容器も可能,と
4,小型家電回収BOX,ビデオカメラ,小金属・小型家電の容器も可能,ひ
4,小型家電回収BOX,リモコン,小金属・小型家電の容器も可能,り
4,小型家電回収BOX,ラジオ,小金属・小型家電の容器も可能,ら
5,燃やせるごみ,足ふきマット,,あ
5,燃やせるごみ,油（食用油）,できるだけ地域の廃油回収に出す,あ
5,燃やせるごみ,油紙,,あ
5,燃やせるごみ,油の容器（プラスチック製）,,あ
5,燃やせるごみ,アルバム,金属部分はできるだけ外して燃やせないごみに出す,あ
5,燃やせるごみ,ウインドブレーカー,,う
5,燃やせるごみ,植木鉢(プラスチック製）,,う
5,燃やせるごみ,ＭＤ,,え
5,燃やせるごみ,おぼん(木、プラスチック製）,,お
5,燃やせるごみ,おもちゃ（プラスチック製）,金属部分は燃やせないごみに出す、電池は外して有害ごみに出す,お
5,燃やせるごみ,おわん,,お
5,燃やせるごみ,カーテン（レース製）,,お
5,燃やせるごみ,カーボン紙,ノンカーボン紙は古紙・布類に出す,か
5,燃やせるごみ,貝殻,,か
5,燃やせるごみ,カイロ（使い捨てのもの）,,か
5,燃やせるごみ,額縁(木・プラスチック製),ステンレス製は燃やせないごみに出す、指定袋に入らないものは粗大ごみに出す,か
5,燃やせるごみ,カセットテープ,,か
5,燃やせるごみ,蚊取りマット,,か
5,燃やせるごみ,紙おむつ,汚物はトイレに流してから出す,か
5,燃やせるごみ,紙ねんど,,か
5,燃やせるごみ,紙やすり,,か
5,燃やせるごみ,革製品,,か
5,燃やせるごみ,乾燥剤,,か
5,燃やせるごみ,感熱紙,,か
5,燃やせるごみ,クーラーボックス,指定袋に入らないものは粗大ごみに出す,く
5,燃やせるごみ,草,,く
5,燃やせるごみ,口紅,金属製は燃やせないごみに出す,く
5,燃やせるごみ,靴,,く
5,燃やせるごみ,靴下,,く
5,燃やせるごみ,クッション,指定袋に入らないものは粗大ごみに出す,く
5,燃やせるごみ,毛糸,,け
5,燃やせるごみ,ＣＤ、DVD,,し
5,燃やせるごみ,磁気カード,,し
5,燃やせるごみ,自転車のチューブ,,し
5,燃やせるごみ,写真,,し
5,燃やせるごみ,食用油の容器(プラスチック製）,,し
5,燃やせるごみ,除湿剤,中の水を抜く,し
5,燃やせるごみ,食器（プラスチック製・木製）,ガラス・陶器製は燃やせないごみに出す,し
5,燃やせるごみ,スキーウェアー、スキー靴,,す
5,燃やせるごみ,ストッキング,,す
5,燃やせるごみ,スパイクシューズ,,す
5,燃やせるごみ,洗濯ばさみ,,せ
5,燃やせるごみ,剪定枝,指定袋に入らない場合は上津クリーンセンター内の剪定枝リサイクル施設へ,せ
5,燃やせるごみ,洗面器,金属製の物は小金属・小型家電の容器に出す,せ
5,燃やせるごみ,造花（プラスチック製）,,そ
5,燃やせるごみ,ぞうきん,,そ
5,燃やせるごみ,タイヤチェーン（ゴム製）,,た
5,燃やせるごみ,竹串,先を紙などに包んで出す,た
5,燃やせるごみ,脱臭剤,,た
5,燃やせるごみ,積み木,,つ
5,燃やせるごみ,テレビゲーム（ソフト）,,て
5,燃やせるごみ,テレホンカード,,て
5,燃やせるごみ,電気カーペット,指定袋に入らないものは粗大ごみに出す,て
5,燃やせるごみ,電気毛布,指定袋に入らないものは粗大ごみに出す,て
5,燃やせるごみ,トイレブラシ（プラスチック製）,,と
5,燃やせるごみ,長靴,,な
5,燃やせるごみ,納豆の容器,,な
5,燃やせるごみ,入浴剤の容器(紙),プラスチック製のものは、容器包装プラスチックとして出す,に
5,燃やせるごみ,ぬいぐるみ,,ぬ
5,燃やせるごみ,布くず,,ぬ
5,燃やせるごみ,灰,,は
5,燃やせるごみ,バインダー（文房具）,,は
5,燃やせるごみ,バケツ（プラスチック製）,金属製の物は小金属・小型家電の容器に出す,は
5,燃やせるごみ,バッグ,,は
5,燃やせるごみ,花火,水で湿らして出す,は
5,燃やせるごみ,ハンガー（プラスチック製・木製）,金属製は資源物の小金属・小型家電の容器に出す,は
5,燃やせるごみ,ビデオテープ,,ひ
5,燃やせるごみ,プランター,指定袋に入らないものは粗大ごみに出す,ふ
5,燃やせるごみ,フロッピーディスク,,ふ
5,燃やせるごみ,ベルト,,へ
5,燃やせるごみ,ヘルメット,,へ
5,燃やせるごみ,ホイールキャップ,プラスチック製のもの,ほ
5,燃やせるごみ,帽子,,ほ
5,燃やせるごみ,防虫剤,,ほ
5,燃やせるごみ,ホース,,ほ
5,燃やせるごみ,ボール（スポーツ用）,,ほ
5,燃やせるごみ,ボールペン（プラスチック製）,,ほ
5,燃やせるごみ,ポリタンク,指定袋に入らないものは粗大ごみに出す,ほ
5,燃やせるごみ,ポリ袋,,ほ
5,燃やせるごみ,保冷剤,,ほ
5,燃やせるごみ,まな板,,ま
5,燃やせるごみ,水枕,,み
5,燃やせるごみ,湯たんぽ（プラスチック製）,金属製の物は小金属・小型家電の容器に出す,ゆ
5,燃やせるごみ,浴室マット,指定袋に入らないものは粗大ごみに出す,よ
5,燃やせるごみ,ライター（プラスチック製）,使い切ってから出す,ら
5,燃やせるごみ,ランドセル,,ら
5,燃やせるごみ,レコード盤,,れ
5,燃やせるごみ,レジャーシート,,れ
5,燃やせるごみ,ローソク,,ろ
5,燃やせるごみ,ロープ,,ろ
5,燃やせるごみ,ローラースケート（プラスチック製）,金属製の物は小金属・小型家電の容器に出す,ろ
5,燃やせないごみ,空ビン（飲食用以外）,,あ
5,燃やせないごみ,アルミはく,,あ
5,燃やせないごみ,安全ピン,,あ
5,燃やせないごみ,板ガラス,新聞紙などに包んで出す,い
5,燃やせないごみ,植木鉢(素焼き）,,う
5,燃やせないごみ,鉛筆けずり,,え
5,燃やせないごみ,音楽プレーヤー,携帯用のものは小金属・小型家電の容器、もしくは小型家電回収BOXでの回収も可能,お
5,燃やせないごみ,傘,,か
5,燃やせないごみ,加湿器,指定袋に入らないものは粗大ごみに出す,か
5,燃やせないごみ,カセットデッキ,指定袋に入らないものは粗大ごみに出す,か
5,燃やせないごみ,カッターの刃,紙などに包んで出す,か
5,燃やせないごみ,かなづち,,か
5,燃やせないごみ,花瓶,,か
5,燃やせないごみ,かみそり,先を紙などに包んで出す,か
5,燃やせないごみ,ガラス製品(コップ、食器等),割れたものは紙などに包んで出す,か
5,燃やせないごみ,換気扇,指定袋に入らないものは粗大ごみに出す,か
5,燃やせないごみ,キャップ(金属製）,大きさが５ｃｍ以上の物は小金属・小型家電の容器に出す,き
5,燃やせないごみ,急須（陶磁器製）,,き
5,燃やせないごみ,金魚鉢（ガラス製）,プラスチック製は燃やせるごみに出す、指定袋に入らないものは粗大ごみに出す,き
5,燃やせないごみ,空気清浄機,指定袋に入らないものは粗大ごみに出す,く
5,燃やせないごみ,釘,,く
5,燃やせないごみ,草刈り鎌,先を紙などに包んで出す,く
5,燃やせないごみ,グラス,割れた物は紙などに包んで出す,く
5,燃やせないごみ,クリスタルガラス製ビン,,く
5,燃やせないごみ,クリップ,,く
5,燃やせないごみ,化粧品の容器（ガラス製）,,け
5,燃やせないごみ,香水のビン,,こ
5,燃やせないごみ,コップ（ガラス製）,金属製は小金属・小型家電の容器に出す、プラスチック製は燃やせるごみに出す,こ
5,燃やせないごみ,皿（陶磁器、ガラス製）,,さ
5,燃やせないごみ,ジョッキ（ガラス製）,金属製の物は小金属・小型家電の容器に出す,し
5,燃やせないごみ,水槽（ガラス製）,指定袋に入らないものは粗大ごみに出す,す
5,燃やせないごみ,炊飯ジャー,中の釜は小金属・小型家電の容器に出す,す
5,燃やせないごみ,スピーカー,指定袋に入らないものは粗大ごみに出す,す
5,燃やせないごみ,双眼鏡,,そ
5,燃やせないごみ,掃除機,ホースなどは燃やせるごみに出す,そ
5,燃やせないごみ,体温計（デジタル式）,,た
5,燃やせないごみ,耐熱ガラス製ビン,,た
5,燃やせないごみ,体重計,,た
5,燃やせないごみ,茶わん,割れた物は紙などに包んで出す,ち
5,燃やせないごみ,電気ストーブ,指定袋に入らないものは粗大ごみに出す,て
5,燃やせないごみ,電球,,て
5,燃やせないごみ,電話機（ＦＡＸ機能付き）,,て
5,燃やせないごみ,陶磁器（皿、湯呑み、コップ等）,,と
5,燃やせないごみ,時計,電池は外す、小金属・小型家電の容器もしくは小型家電回収BOXでの回収も可能,と
5,燃やせないごみ,土鍋,,と
5,燃やせないごみ,ドライバー,,と
5,燃やせないごみ,ナイフ,先を紙などに包んで出す,な
5,燃やせないごみ,粘土,,ね
5,燃やせないごみ,ノコギリ,先を紙などに包んで出す,の
5,燃やせないごみ,灰皿（ガラス・陶器製）,金属製は小金属・小型家電の容器に出す,は
5,燃やせないごみ,はさみ,先を紙などに包んで出す,は
5,燃やせないごみ,刃物,先を紙などに包んで出す,は
5,燃やせないごみ,針,紙などに包んで出す,は
5,燃やせないごみ,ビデオデッキ,指定袋に入らないものは粗大ごみに出す,ひ
5,燃やせないごみ,プリンター,指定袋に入らないものは粗大ごみに出す,ふ
5,燃やせないごみ,ヘアーピン,,へ
5,燃やせないごみ,ペットの砂,,へ
5,燃やせないごみ,包丁,先を紙などに包んで出す,ほ
5,燃やせないごみ,ホッチキスの芯,,ほ
5,燃やせないごみ,ポット,,ほ
5,燃やせないごみ,ほ乳ビン,,ほ
5,燃やせないごみ,マグネット,,ま
5,燃やせないごみ,豆電球,,ま
5,燃やせないごみ,ミキサー,,み
5,燃やせないごみ,ミシン,指定袋に入らないものは粗大ごみに出す,み
5,燃やせないごみ,ミニコンポ,指定袋に入らないものは粗大ごみに出す,み
5,燃やせないごみ,メガネ,,め
5,燃やせないごみ,ラジオ,携帯用以外のもの,ら
5,燃やせないごみ,ラジカセ,,ら
5,燃やせないごみ,リール（釣具）,,り
5,燃やせないごみ,離乳食用のビン,,り
5,燃やせないごみ,レンジカバー(ガスレンジ用),,れ
5,燃やせないごみ,ワープロ,,わ
5,資源物,アイロン,小金属・小型家電の容器に出す,あ
5,資源物,空カン（飲食用）,空カンの容器に出す,あ
5,資源物,空カン（飲食用以外）,小金属・小型家電の容器に出す,あ
5,資源物,空ビン（飲食用）,空ビンの容器に出す,あ
5,資源物,アダプター,小金属・小型家電の容器もしくは小型家電回収ＢＯＸでの回収も可能,あ
5,資源物,油の容器（金属製）,空カンの容器に出す、汚れはできるだけ紙などにしみこませてから出す,あ
5,資源物,泡立て器,小金属・小型家電の容器に出す,あ
5,資源物,一斗缶,小金属・小型家電の容器に出す,い
5,資源物,鋳物鍋（鉄・銅製の鍋）,小金属・小型家電の容器に出す,い
5,資源物,延長コード(室内用）,小金属・小型家電の容器もしくは小型家電回収ＢＯＸでの回収も可能,え
5,資源物,オーブントースター,小金属・小型家電の容器に出す,お
5,資源物,おぼん(金属製）,小金属・小型家電の容器に出す,お
5,資源物,携帯電話,小金属・小型家電の容器もしくは小型家電回収ＢＯＸも可能　※個人情報は消去する　,け
5,資源物,おろし金(金属製）,小金属・小型家電の容器に出す、プラスチック製は燃やせるごみに出す,お
5,資源物,カーナビ,小金属・小型家電の容器もしくは小型家電回収BOXでの回収も可能,か
5,資源物,傘（骨のみ）,小金属・小型家電の容器に出す、骨以外の生地は燃やせるごみに出す,か
5,資源物,菓子箱（金属製）,空カンの容器に出す,か
5,資源物,カセットガスボンベ,穴をあけて小金属・小型家電の容器に出す,か
5,資源物,カセットコンロ,小金属・小型家電の容器に出す,か
5,資源物,カップラーメンの容器（プラスチック製）,容器包装プラスチックとして透明・半透明の袋に入れて出す、汚れた物は燃やせるごみに出す,か
5,資源物,カメラ,小金属・小型家電の容器もしくは小型家電回収ＢＯＸでの回収も可能,か
5,資源物,キャップ(プラスチック製）,容器包装プラスチックとして出す,き
5,資源物,急須（金属製）,小金属・小型家電の容器に出す,き
5,資源物,携帯用テレビ,小金属・小型家電の容器もしくは小型家電回収BOXでの回収も可能,け
5,資源物,携帯用ラジオ,小金属・小型家電の容器もしくは小型家電回収BOXでの回収も可能,け
5,資源物,小型ゲーム機,小金属・小型家電の容器もしくは小型家電回収BOXでの回収を可能,こ
5,資源物,粉ミルクのカン,空カンの容器に出す,こ
5,資源物,ざる（金属製）,小金属・小型家電の容器に出す,さ
5,資源物,自転車の空気入れ（金属製）,小金属・小型家電の容器に出す、プラスチック製は燃やせるごみに出す,し
5,資源物,シャンプー容器,容器包装プラスチックとして出す,し
5,資源物,食器（金属製）,小金属・小型家電の容器に出す,し
5,資源物,食品トレイ,色柄トレイも含めて、容器包装プラスチックとして出す,し
5,資源物,水筒（ステンレス製）,小金属・小型家電の容器に出す、プラスチック製は燃やせるごみに出す,す
5,資源物,スプーン（金属製）,小金属・小型家電の容器に出す,す
5,資源物,スプレー缶,穴をあけて小金属・小型家電の容器に出す,す
5,資源物,スマートフォン,小金属・小型家電の容器もしくは小型家電回収BOXでの回収も可能　※個人情報は消去する,せ
5,資源物,タイヤチェーン（金属製）,小金属・小型家電の容器に出す,た
5,資源物,卵のパック（プラスチック製）,容器包装プラスチックとして透明・半透明の袋に入れて出す、汚れた物は燃やせるごみに出す,た
5,資源物,調味料のプラスチック容器,容器包装プラスチックとして透明・半透明の袋に入れて出す、汚れた物は燃やせるごみに出す,ち
5,資源物,手提げ金庫,小金属・小型家電の容器に出す,て
5,資源物,デジタルカメラ,小金属・小型家電の容器もしくは小型家電回収ＢＯＸでの回収も可能,て
5,資源物,デジタルビデオ,小金属・小型家電の容器もしくは小型家電回収ＢＯＸでの回収も可能,て
5,資源物,テレビゲーム（本体）,小金属・小型家電の容器もしくは小型家電回収ＢＯＸでの回収も可能,て
5,資源物,電気カミソリ,小金属・小型家電の容器もしくは小型家電回収BOXでの回収も可能,て
5,資源物,電気コード,小金属・小型家電の容器もしくは小型家電回収BOXでの回収も可能,て
5,資源物,電子辞書,小金属・小型家電の容器もしくは小型家電回収ＢＯＸでの回収も可能,て
5,資源物,電卓,小金属・小型家電の容器もしくは小型家電回収ＢＯＸでの回収も可能,て
5,資源物,電動歯ブラシ,小金属・小型家電の容器もしくは小型家電回収ＢＯＸでの回収も可能,て
5,資源物,電話機,小金属・小型家電の容器もしくは小型家電回収ＢＯＸでの回収も可能,て
5,資源物,トースター,小金属・小型家電の容器に出す,と
5,資源物,鳥かご（金属製）,小金属・小型家電の容器に出す,と
5,資源物,ドライヤー,小金属・小型家電の容器もしくは小型家電回収BOXでの回収も可能,と
5,資源物,鍋（金属）,小金属・小型家電の容器に出す,な
5,資源物,鉛（釣具）,透明な袋に入れて、小金属・小型家電の容器に出す,な
5,資源物,ニッパー,小金属・小型家電の容器に出す,に
5,資源物,入浴剤の容器（金属製）,小金属・小型家電の容器に出す,に
5,資源物,入浴剤の容器（プラスチック製）,容器包装プラスチックとして透明・半透明の袋に入れて出す、汚れた物は燃やせるごみに出す,に
5,資源物,HDD,小金属・小型家電の容器もしくは小型家電回収BOXでの回収も可能,は
5,資源物,ハーモニカ,小金属・小型家電の容器に出す,は
5,資源物,発泡スチロール,容器包装プラスチックとして出す,は
5,資源物,ビデオカメラ,小金属・小型家電の容器もしくは小型家電回収ＢＯＸでの回収も可能,ひ
5,資源物,ビールびん,できる限り購入店に返す(預かり保証金がついています),ひ
5,資源物,針金,ひもで束ねて小金属・小型家電の容器に出す,は
5,資源物,フォーク（金属製）,小金属・小型家電の容器に出す、プラスチック製は燃やせるごみに出す,ふ
5,資源物,フライパン,小金属・小型家電の容器に出す,ふ
5,資源物,文鎮,小金属・小型家電の容器に出す,ふ
5,資源物,ペットフードの空カン,空カンの容器に出す、ふたも一緒に出す,へ
5,資源物,ペットボトル,キャップとラベルを外し軽くすすいで回収容器に出す、キャップとラベルは容器包装プラスチックに出す,へ
5,資源物,ペンチ,小金属・小型家電の容器に出す,へ
5,資源物,ボール（調理用・金属製）,プラスチック製は燃やせるごみに出す,ほ
5,資源物,ホーロー製の鍋,小金属・小型家電の容器に出す,ほ
5,資源物,ホットプレート,小金属・小型家電の容器に出す,ほ
5,資源物,やかん,小金属・小型家電の容器に出す,や
5,資源物,レジ袋,できるだけマイバッグを使用してごみ減量、プラマークがないものは燃やせるごみに出す,れ
5,資源物,ラジオ,携帯用は小金属・小型家電の容器もしくは小型家電回収BOXでの回収も可能,ら
5,資源物,リモコン,小金属・小型家電の容器もしくは小型家電回収BOXでの回収も可能,り
5,有害ごみ,鏡,透明の袋に入れて出す,か
5,有害ごみ,蛍光管,透明の袋に入れて出す,け
5,有害ごみ,コンパクト（鏡付き）,透明の袋に入れて出す,こ
5,有害ごみ,電池（乾電池）,透明の袋に入れて出す,て
5,有害ごみ,電池（ボタン型）,透明の袋に入れて出す,て
5,粗大ごみ,アイロン台,指定袋に入るものは燃やせないごみに出す,あ
5,粗大ごみ,網戸,,あ
5,粗大ごみ,衣装ケース(プラスチック製),指定袋に入るものは燃やせるごみに出す,い
5,粗大ごみ,イス,,い
5,粗大ごみ,一輪車（遊具用）,,い
5,粗大ごみ,一輪車（運搬用）,,い
5,粗大ごみ,乳母車,,う
5,粗大ごみ,羽毛布団,,う
5,粗大ごみ,エレクトーン,,え
5,粗大ごみ,オーブンレンジ,,お
5,粗大ごみ,オルガン,,お
5,粗大ごみ,カーペット,,か
5,粗大ごみ,額縁(木・プラスチック製),,か
5,粗大ごみ,ガスレンジ,,か
5,粗大ごみ,乾燥機（食器用）,衣類乾燥機は購入店、買い替え店もしくは家電リサイクル協力店へ,か
5,粗大ごみ,キーボード（音楽用）,,き
5,粗大ごみ,ギター,,き
5,粗大ごみ,キッチンワゴン,,き
5,粗大ごみ,キャリーバック,,き
5,粗大ごみ,空気清浄機,,く
5,粗大ごみ,ござ,,こ
5,粗大ごみ,こたつ、こたつ布団,,こ
5,粗大ごみ,ゴルフクラブ,,こ
5,粗大ごみ,ゴルフバッグ,,こ
5,粗大ごみ,座椅子,,さ
5,粗大ごみ,座布団,ひもで十文字にしばる,さ
5,粗大ごみ,三輪車,,さ
5,粗大ごみ,自転車（補助輪付き）,※第三者へ譲渡する場合は交番・警察署（防犯協会）にて防犯登録を取消してください,し
5,粗大ごみ,自転車,※第三者へ譲渡する場合は交番・警察署（防犯協会）にて防犯登録を取消してください,し
5,粗大ごみ,自転車のリム,,し
5,粗大ごみ,じゅうたん,,し
5,粗大ごみ,水槽,,す
5,粗大ごみ,スーツケース,,す
5,粗大ごみ,スキー板,,す
5,粗大ごみ,すだれ（竹製等）,,す
5,粗大ごみ,ステレオ,,す
5,粗大ごみ,ストーブ,,す
5,粗大ごみ,すのこ,,す
5,粗大ごみ,スノーボード,,す
5,粗大ごみ,石油ストーブ,灯油を抜き取り乾電池を外す,せ
5,粗大ごみ,扇風機,,せ
5,粗大ごみ,洗面台,,せ
5,粗大ごみ,ソファー（スプリング入り）,,そ
5,粗大ごみ,タイヤ,,た
5,粗大ごみ,タイヤホイール,,た
5,粗大ごみ,たたみ,,た
5,粗大ごみ,たんす,,た
5,粗大ごみ,チャイルドシート,,ち
5,粗大ごみ,机（木製）,,つ
5,粗大ごみ,テーブル（木製）,,て
5,粗大ごみ,電気カーペット,ひもで十文字にしばる、指定袋に入る物は燃やせるごみに出す,て
5,粗大ごみ,電気毛布,ひもで十文字にしばる、指定袋に入る物は燃やせるごみに出す,て
5,粗大ごみ,電子レンジ,,て
5,粗大ごみ,籐製品,指定袋に入る物は燃やせるごみに出す,と
5,粗大ごみ,トタン,,と
5,粗大ごみ,マッサージ椅子,,ま
5,粗大ごみ,ミシン,,み
5,粗大ごみ,モップ,,も
5,粗大ごみ,物干し竿,,も
5,粗大ごみ,物干し台,,も
5,粗大ごみ,バイク（50ccまで）,,は
5,粗大ごみ,バット,,は
5,粗大ごみ,バッテリー,できるだけ専門の業者へ依頼する,は
5,粗大ごみ,ハロゲンヒーター,,は
5,粗大ごみ,ファンヒーター,灯油を抜き取り乾電池を外す,ふ
5,粗大ごみ,ふすま,,ふ
5,粗大ごみ,布団,ひもで十文字にしばる,ふ
5,粗大ごみ,ベッド,,へ
5,粗大ごみ,ベッドマット（スプリング入り）,,へ
5,粗大ごみ,ベビーカー,,へ
5,粗大ごみ,ほうき,指定袋に入るものは燃やせるごみに出す,ほ
5,粗大ごみ,歩行器（幼児用）,,ほ
5,粗大ごみ,ホットカーペット,ひもで十文字にしばる,ほ
5,粗大ごみ,浴槽ふた,,よ
5,粗大ごみ,浴槽マット,,よ
5,粗大ごみ,よしず,,よ
5,収集しないごみ,油（食用油以外）,専門の業者へ依頼する,あ
5,収集しないごみ,一升ビン,購入店に返す、油や醤油のビンは空ビンの容器に出す,い
5,収集しないごみ,エアコン,購入店か買い替え店へ、ない場合は家電リサイクル協力店へ,え
5,収集しないごみ,ＬＰガスボンベ類,専門の業者へ依頼する,え
5,収集しないごみ,ガスボンベ,専門の業者へ依頼する,か
5,収集しないごみ,金庫,専門の業者に依頼する,き
5,収集しないごみ,消火器,専門の業者へ依頼する,し
5,収集しないごみ,洗濯機,購入店か買い替え店へ、ない場合は家電リサイクル協力店へ,せ
5,収集しないごみ,注射器・注射針,専門の業者へ依頼する,ち
5,収集しないごみ,テレビ,購入店か買い替え店へ、ない場合は家電リサイクル協力店へ,て
5,収集しないごみ,灯油,専門の業者へ依頼する,と
5,収集しないごみ,塗料,専門の業者へ依頼する,と
5,収集しないごみ,ノート型パソコン,製造メーカーに連絡する,の
5,収集しないごみ,バイク（51cc以上）,専門の業者へ依頼する,は
5,収集しないごみ,パソコン,製造メーカーに連絡する,は
5,収集しないごみ,バッテリー,専門の業者へ依頼する,は
5,収集しないごみ,ピアノ,専門の業者へ依頼する,ひ
5,収集しないごみ,冷蔵庫,購入店か買い替え店へ、ない場合は家電リサイクル協力店へ,れ
5,収集しないごみ,冷凍庫,購入店か買い替え店へ、ない場合は家電リサイクル協力店へ,れ
5,小型家電回収BOX,アダプター,小金属・小型家電の容器も可能,あ
5,小型家電回収BOX,延長コード(室内用）,小金属・小型家電の容器も可能,え
5,小型家電回収BOX,音楽プレーヤー,携帯用のものに限る、小金属・小型家電の容器も可能,お
5,小型家電回収BOX,カメラ,小金属・小型家電の容器も可能,か
5,小型家電回収BOX,携帯電話,小金属・小型家電の容器も可能　※個人情報は消去する,け
5,小型家電回収BOX,携帯用テレビ,小金属・小型家電の容器も可能,け
5,小型家電回収BOX,携帯用ラジオ,小金属・小型家電の容器も可能,け
5,小型家電回収BOX,小型ゲーム機,小金属・小型家電の容器も可能,こ
5,小型家電回収BOX,スマートフォン,小金属・小型家電の容器も可能　※個人情報は消去する,す
5,小型家電回収BOX,体温計（デジタル式）,電池は外す、小金属・小型家電の容器も可能,た
5,小型家電回収BOX,デジタルカメラ,小金属・小型家電の容器も可能,て
5,小型家電回収BOX,デジタルビデオ,小金属・小型家電の容器も可能,て
5,小型家電回収BOX,テレビゲーム（本体）,小金属・小型家電の容器も可能,て
5,小型家電回収BOX,電気カミソリ,小金属・小型家電の容器も可能,て
5,小型家電回収BOX,電気コード,小金属・小型家電の容器も可能,て
5,小型家電回収BOX,電子辞書,小金属・小型家電の容器も可能,て
5,小型家電回収BOX,電卓,小金属・小型家電の容器も可能,て
5,小型家電回収BOX,電動歯ブラシ,小金属・小型家電の容器も可能,て
5,小型家電回収BOX,電話機,小金属・小型家電の容器も可能,て
5,小型家電回収BOX,時計,電池は外す,と
5,小型家電回収BOX,ドライヤー,小金属・小型家電の容器も可能,と
5,小型家電回収BOX,ビデオカメラ,小金属・小型家電の容器も可能,ひ
5,小型家電回収BOX,リモコン,小金属・小型家電の容器も可能,り
5,小型家電回収BOX,ラジオ,小金属・小型家電の容器も可能,ら
